사번,이름,성별,나이,근속기간,입사년도,직급,팀구분,퇴직구분,초과근무,성과점수,미사용.휴가일수,연봉
4006,한경택,남,39,19,2015,사원,인사,No,213,42,14,66002987
3337,임경화,여,33,17,2012,사원,총무,No,324,49,9,58479133
2543,이규경,남,46,27,2013,사원,기획,No,192,40,22,46179481
3999,윤규만,남,39,19,2015,사원,영업,No,20,51,14,61002987
1365,주강필,남,32,13,2011,주임,마켓팅,Yes,201,32,22,83001494
1291,최규백,남,36,18,2010,주임,재무,Yes,283,71,10,96316633
5531,정경선,여,28,13,2015,사원,법무,No,1,33,16,57572709
2767,조고운,여,45,30,2014,사원,인사,No,152,64,9,58987050
2815,정경규,남,41,24,2016,사원,총무,No,241,38,13,50860557
2884,윤가선,여,44,29,2014,인턴,기획,No,153,41,4,32558265
4010,전경도,남,46,23,2015,사원,영업,No,194,31,12,61004481
1196,주경택,남,29,17,2016,사원,마켓팅,No,54,40,16,76002987
4785,조규로,남,26,11,2016,사원,영업,No,158,26,13,69428785
4573,조경륜,남,33,14,2012,인턴,개발,No,193,38,8,29430278
4937,주규화,여,41,23,2015,사원,재무,No,205,25,10,67271911
5269,임경욱,남,42,25,2013,주임,법무,No,13,45,14,93914341
4132,강강백,남,41,23,2016,주임,인사,No,101,41,12,90860557
5341,장국만,남,47,27,2015,주임,총무,No,57,47,8,92433265
4120,정규영,남,36,13,2016,대리,기획,No,48,26,21,98716633
372,조귀연,여,35,18,2011,사원,마켓팅,No,62,76,9,58374202
1859,정가혜,여,39,22,2011,사원,재무,No,20,54,13,70464341
3064,장규광,남,40,21,2014,인턴,법무,No,153,52,4,31556772
4917,주가희,여,47,28,2015,주임,인사,No,31,43,2,84719620
3014,강경욱,남,31,12,2014,과장,총무,Yes,191,34,7,126572709
4705,조기륭,남,31,20,2014,대리,영업,No,382,84,16,115385557
3146,최강필,남,40,28,2014,대리,기획,No,52,49,13,101844620
154,장건도,남,42,21,2011,사원,영업,No,205,46,3,72914341
1906,최교묵,남,42,22,2011,대리,마켓팅,No,8,63,11,101808091
3027,최건표,남,38,24,2014,사원,재무,No,29,29,12,63699202
3323,강공민,남,43,23,2014,사원,영업,No,153,45,10,63843126
3893,장규백,남,37,18,2016,주임,법무,No,54,32,10,95145417
1342,정강린,여,36,29,2011,대리,인사,No,95,45,12,111965835
2953,하경린,여,36,23,2014,사원,총무,No,152,38,13,43127987
3256,임규영,남,40,19,2014,사원,기획,No,202,26,31,60194272
4652,한건우,남,28,9,2013,사원,마켓팅,No,241,58,19,39136354
4484,최국길,남,36,15,2012,사원,재무,No,176,47,11,65722883
4859,주경륜,남,33,14,2011,대리,법무,No,303,42,9,108630278
3770,윤규건,남,45,22,2015,사원,인사,No,78,44,4,74575696
2466,윤규만,남,44,25,2013,과장,총무,No,129,52,10,128271911
1244,윤경백,남,35,17,2016,사원,기획,No,158,45,3,47287848
548,정경모,남,46,23,2015,주임,마켓팅,No,77,39,12,91004481
818,이가희,여,28,14,2012,사원,재무,No,175,48,4,71035209
4440,임경채,여,28,12,2012,대리,법무,No,21,54,5,100772709
3839,강가선,여,48,42,2015,과장,인사,No,85,54,7,128436252
4653,정규리,여,30,16,2013,사원,총무,No,20,33,7,51355278
557,장기담,남,36,18,2011,사원,기획,No,100,42,6,48006633
942,주강필,남,32,22,2012,주임,마켓팅,No,226,52,10,86489341
4148,이기표,남,38,17,2016,대리,재무,No,91,55,10,101574202
2819,최기민,남,40,20,2014,사원,법무,No,186,45,1,76556772
4139,박경규,남,48,28,2011,주임,영업,No,510,59,10,80037050
284,강군길,남,33,12,2010,주임,인사,No,455,40,16,82617778
1259,한규영,남,34,15,2010,인턴,총무,Yes,370,39,14,15859063
4502,임건모,남,48,26,2013,사원,기획,No,291,32,11,76687050
374,한공명,남,50,30,2013,전무,영업,No,57,43,4,161844620
2072,김길성,남,43,23,2011,사원,마켓팅,No,252,61,11,48668126
4742,한경수,남,50,31,2012,주임,재무,No,170,30,12,79894620
488,주규강,남,35,16,2011,사원,법무,No,28,46,15,76367848
125,장가윤,여,31,17,2012,사원,인사,No,105,42,8,49721563
5304,한경택,남,34,15,2010,사원,영업,No,68,39,17,73389063
995,조경태,남,34,14,2013,사원,총무,No,387,28,19,70034063
3374,강강숙,여,36,20,2014,사원,기획,No,35,71,11,53127987
4745,조규백,남,27,4,2015,사원,마켓팅,No,108,28,9,73857570
1535,박건도,남,42,28,2015,사원,재무,No,172,48,11,55289341
1026,한기동,남,30,10,2015,주임,법무,No,127,48,19,93143924
434,윤건도,남,32,8,2011,사원,인사,Yes,236,43,9,67201494
1335,임공민,남,50,30,2015,주임,총무,No,206,30,8,86719620
2364,여건모,남,33,14,2016,인턴,기획,No,218,43,5,14430278
1750,여공명,남,46,28,2014,주임,마켓팅,No,141,56,9,83129481
4671,조기문,남,30,13,2013,사원,재무,No,214,38,18,47593924
1017,정경택,남,31,10,2015,주임,영업,No,93,34,19,89572709
3520,최건표,남,47,26,2015,주임,법무,No,67,30,22,93558265
1915,박규로,남,42,24,2011,주임,개발,No,71,50,12,81889341
1974,윤강혜,여,44,27,2015,주임,영업,No,144,83,2,91558265
4109,한규강,남,37,19,2016,사원,영업,No,216,50,1,45145417
4810,주경선,여,31,15,2011,인턴,인사,Yes,288,50,3,36996563
5278,한공명,남,42,18,2015,인턴,총무,No,193,42,12,30289341
5421,박규희,여,28,14,2013,인턴,기획,No,120,61,8,37922709
5415,장기민,남,31,13,2013,대리,마켓팅,No,122,39,12,100672709
2349,강규경,남,48,28,2011,사원,재무,No,173,48,7,56055800
5686,주경백,남,28,8,2016,사원,영업,No,65,43,14,62286354
1914,장남연,남,39,20,2011,대리,법무,No,158,62,2,107832987
1145,이길성,남,27,5,2016,인턴,인사,No,277,45,7,30857570
1794,최기륭,남,42,21,2011,대리,총무,No,132,48,21,112126841
4559,박다일,남,34,17,2012,사원,개발,No,153,47,12,56684063
36,류강수,남,49,27,2011,차장,기획,No,130,23,15,136446754
4992,강국길,남,35,14,2010,대리,마켓팅,Yes,184,51,2,115337848
3134,김경연,여,36,20,2014,사원,재무,No,116,32,11,73127987
3506,최건모,남,44,27,2014,인턴,법무,No,197,53,18,38546911
959,정기택,남,32,12,2012,사원,인사,No,153,44,24,69201494
1744,장강길,남,43,34,2011,주임,총무,No,154,61,9,90224724
4218,한건도,남,36,17,2016,주임,기획,No,89,57,5,83716633
4754,장공민,남,25,7,2016,사원,마켓팅,No,71,34,28,68000000
4781,조남룡,남,34,13,2012,주임,재무,No,263,40,24,87709063
2010,윤가현,여,40,21,2011,주임,법무,No,81,36,9,86255626
1151,박규광,남,31,11,2010,사원,인사,No,373,74,2,74722709
5465,임경택,남,30,8,2014,사원,총무,No,83,38,12,51443924
5315,장강만,남,36,14,2010,과장,개발,No,188,56,4,126126633
287,송경희,여,32,15,2010,인턴,기획,No,285,60,9,37662848
3647,최규광,남,38,17,2015,사원,마켓팅,No,61,48,20,64574202
4450,윤경태,남,31,13,2012,사원,재무,No,183,45,25,67285209
4097,장고운,여,37,20,2016,사원,법무,No,148,39,9,57431772
2892,조경빈,여,46,28,2011,사원,인사,Yes,324,47,9,56290835
4383,정강백,남,33,13,2011,인턴,영업,No,316,46,10,33555278
4977,장고운,여,51,35,2016,주임,총무,No,148,34,10,77434759
4230,이경도,남,37,16,2016,인턴,기획,No,55,25,18,30145417
5165,정규빈,남,44,36,2014,과장,마켓팅,No,48,35,9,119559759
3636,하경율,남,39,22,2015,사원,개발,No,197,26,13,51002987
33,주경란,여,45,39,2011,과장,재무,No,260,53,11,128422568
5577,전기동,남,28,10,2015,인턴,영업,No,208,43,22,35286354
1314,임건우,남,47,27,2011,과장,영업,No,173,53,3,118764515
2473,정강필,남,45,23,2013,주임,법무,No,317,49,16,87750696
3682,조교묵,남,48,26,2011,부장,영업,No,73,28,11,140332050
3585,김경연,여,35,29,2015,사원,영업,No,201,38,13,69862050
3569,박군길,남,38,15,2015,주임,인사,No,100,44,4,79574202
3151,장경륜,남,39,17,2014,사원,총무,No,172,39,22,58127987
999,장강윤,여,29,14,2013,인턴,영업,Yes,512,60,11,8801494
1635,장경도,남,41,23,2011,사원,기획,No,457,81,9,70035557
4176,조규광,남,44,22,2015,사원,마켓팅,No,266,36,13,68146911
5013,정강린,여,32,24,2011,대리,재무,No,95,54,12,106250696
110,박건도,남,33,14,2012,사원,법무,No,190,43,13,72780278
3007,장남인,남,38,16,2014,인턴,인사,No,153,34,16,31699202
5429,류교묵,남,47,28,2015,사원,영업,No,93,47,16,47433265
898,최다호,남,38,19,2012,사원,총무,No,13,42,27,73674202
1693,여경규,남,40,15,2011,주임,기획,Yes,484,49,0,88256772
623,조국희,여,30,14,2012,사원,마켓팅,No,320,44,2,40742778
4815,주강태,남,33,13,2011,대리,재무,No,232,55,14,99530278
5615,정규만,남,28,3,2015,사원,법무,No,96,31,21,65286354
929,박강윤,여,29,14,2012,사원,인사,No,223,55,8,42551494
5037,주규영,남,36,21,2015,사원,총무,No,68,40,11,61716633
5035,정나일,남,30,11,2012,인턴,기획,No,38,40,24,36993924
4399,전기룡,남,34,16,2011,과장,마켓팅,No,106,75,8,120359063
2098,최경복,남,45,24,2011,대리,재무,No,115,61,21,115775696
4829,조규광,남,48,30,2015,사원,법무,No,284,39,13,73862050
311,정경복,남,35,14,2010,대리,영업,No,88,50,14,114600348
4017,김경택,남,37,16,2015,주임,인사,No,82,29,23,93145417
5423,하경표,남,36,17,2013,사원,총무,No,220,32,18,53616633
4910,하경린,여,27,7,2014,사원,기획,No,60,73,7,70043924
1461,한경연,여,38,24,2011,사원,마켓팅,No,158,53,7,58035557
3860,주강필,남,38,19,2015,대리,재무,Yes,200,40,15,106574202
2661,정경진,여,44,30,2012,사원,법무,No,236,42,9,73745765
2729,윤경모,남,41,34,2013,부장,개발,No,320,59,12,136910904
5743,강가인,여,41,26,2014,사원,인사,No,136,42,13,50271911
4194,장다환,남,42,22,2016,사원,총무,No,423,90,4,52289341
2934,하건도,남,39,21,2014,과장,영업,No,108,46,8,125127987
1874,강가령,여,39,24,2011,사원,기획,No,195,54,10,59920591
3603,임규탁,남,43,21,2013,사원,마켓팅,No,34,27,18,76318126
3669,하규태,남,44,38,2015,대리,재무,No,335,76,8,100434759
4528,윤경륜,남,45,28,2014,사원,법무,No,80,44,4,51700696
5724,하규로,남,26,5,2016,인턴,영업,No,225,36,17,29428785
16,장규백,남,50,33,2013,차장,인사,No,235,57,2,131531863
2036,하군길,남,43,25,2011,주임,총무,No,236,87,7,83236876
2825,정규빈,남,31,7,2012,대리,기획,No,52,52,12,107585209
3379,최국태,남,41,23,2014,사원,마켓팅,No,389,80,16,57985557
4616,주국희,여,31,15,2013,사원,재무,No,40,27,7,75709063
4386,한가실,여,32,16,2011,인턴,법무,Yes,305,46,3,11287848
5582,조강백,남,28,6,2015,주임,영업,No,72,39,19,95286354
1903,장경욱,남,34,13,2014,주임,인사,No,141,53,12,89559063
3424,조건섭,남,40,17,2015,대리,총무,No,113,45,7,112431772
3857,윤건모,남,38,16,2015,주임,영업,No,227,23,22,79574202
181,최국도,남,29,12,2014,인턴,기획,No,153,51,13,15915139
4046,한경린,여,38,23,2015,사원,마켓팅,No,173,51,5,41860557
3548,박기민,남,38,28,2015,주임,영업,No,33,31,21,86862050
431,한규만,남,34,16,2011,대리,재무,No,296,58,19,100044063
5360,정규민,남,31,15,2011,과장,법무,No,203,39,6,116972709
1748,장낙관,남,42,23,2011,과장,인사,No,8,47,3,121464341
2820,정군길,남,40,22,2015,대리,총무,No,110,44,14,112431772
1548,조강옥,여,43,24,2011,대리,기획,No,100,70,6,105179481
3537,강규백,남,45,29,2011,주임,영업,No,327,68,6,86175696
4026,정군길,남,35,15,2010,과장,마켓팅,No,94,58,8,120375348
664,한국만,남,41,22,2012,주임,재무,No,209,46,11,87623057
722,조규건,남,32,13,2011,사원,법무,Yes,207,40,5,50651494
3241,한경수,남,42,34,2014,차장,인사,No,117,61,8,134702189
3972,강규태,남,38,28,2015,사원,개발,No,207,46,4,56862050
3581,임강주,여,36,29,2015,사원,총무,No,212,51,10,46290835
5082,하경수,남,23,4,2013,사원,기획,Yes,190,45,11,44192430
2917,임규범,남,33,10,2010,대리,마켓팅,No,220,38,5,112117778
5351,주가은,여,59,44,2014,사원,재무,No,3,54,12,60990037
3897,최교묵,남,40,21,2015,사원,법무,No,75,41,8,62431772
822,박규광,남,33,14,2012,사원,영업,No,479,58,10,55592778
4053,박기담,남,36,19,2015,인턴,인사,Yes,313,39,14,21716633
3071,윤가정,여,40,34,2014,부장,총무,No,29,50,13,140080974
4332,여건우,남,32,13,2011,사원,개발,No,282,80,12,57820244
1942,하경규,남,41,22,2011,대리,기획,No,28,38,10,110885557
2465,김경태,남,37,20,2012,사원,마켓팅,No,99,32,13,46007917
185,전경모,남,30,10,2014,주임,재무,No,76,43,20,82343924
5653,장규경,여,47,32,2011,사원,법무,No,154,66,11,45919620
3286,임강백,남,39,21,2014,주임,인사,No,40,48,9,96402987
1266,류강필,남,40,17,2014,대리,총무,No,19,32,13,113181772
1139,임경주,여,29,27,2016,주임,기획,No,19,51,11,83289341
2506,하강모,남,39,17,2013,인턴,마켓팅,No,153,47,6,36127987
5074,하가은,여,31,15,2013,주임,영업,No,130,79,4,82509063
417,김규건,남,33,15,2011,과장,재무,No,228,49,0,119530278
3876,임경규,남,37,18,2015,주임,법무,No,10,39,14,78145417
3726,정경수,남,39,21,2015,사원,인사,No,49,41,14,69402987
161,임규범,남,31,26,2013,주임,총무,No,162,49,13,89360557
2316,윤갑규,남,41,21,2012,사원,기획,No,13,59,4,52035557
5580,임경숙,여,34,16,2010,사원,마켓팅,Yes,127,55,12,58970417
4553,주규만,남,31,9,2012,주임,재무,No,136,74,4,92285209
4872,주강길,남,34,14,2012,대리,법무,No,8,22,11,107884063
5456,정강만,남,32,12,2014,대리,인사,Yes,218,46,14,105351494
3582,조규범,남,38,16,2015,사원,총무,No,198,36,0,69574202
1842,정강옥,여,53,37,2014,대리,기획,No,116,40,11,107417328
2124,최교묵,남,49,43,2013,전무,마켓팅,No,66,50,18,162703683
5674,정국길,남,28,7,2016,인턴,재무,No,222,20,17,32286354
189,주강희,여,34,18,2010,주임,개발,No,10,45,16,85555417
4747,박규강,남,27,7,2015,인턴,법무,No,226,38,13,30857570
2827,강기민,남,49,28,2014,차장,인사,No,154,59,12,132415835
299,박규광,남,34,14,2010,주임,총무,No,373,79,1,79009063
1764,한경태,남,36,14,2011,주임,기획,No,293,52,8,83786633
3325,류국도,남,38,21,2014,주임,마켓팅,Yes,218,35,4,79574202
966,박경택,남,45,24,2014,대리,영업,Yes,222,44,13,106575696
1949,박공명,남,42,22,2011,주임,재무,No,47,63,3,81464341
1225,조규만,남,37,27,2015,사원,영업,No,57,26,7,65433265
3749,조국만,남,48,29,2011,주임,법무,Yes,208,46,12,89137050
1294,하경수,남,35,26,2010,과장,영업,No,207,52,0,116625696
1563,한강필,남,40,22,2011,사원,영업,No,8,43,12,74456772
94,전강길,남,33,16,2012,사원,인사,Yes,211,41,13,69430278
4485,최경수,남,33,26,2012,대리,총무,No,84,42,11,97730626
2421,장강희,여,38,25,2012,사원,기획,No,226,31,12,55035557
199,임강미,여,32,17,2012,사원,영업,Yes,195,59,8,56187848
2806,장규만,남,39,23,2014,주임,마켓팅,No,40,31,6,85127987
4854,윤경표,남,31,11,2012,주임,재무,No,60,50,9,93597709
4598,조기동,남,32,15,2013,사원,법무,No,27,60,25,57451494
5138,양기택,남,29,11,2014,주임,인사,No,116,78,5,81965139
736,한국길,남,41,20,2015,사원,영업,No,405,74,14,56260557
4909,윤건우,남,43,26,2011,주임,총무,No,13,39,11,83555626
4162,주가혜,여,36,21,2013,사원,영업,No,304,30,10,64352987
2672,조기남,남,39,21,2013,사원,기획,No,157,79,5,71127987
3303,주건섭,여,52,34,2011,사원,마켓팅,No,120,46,10,53063544
4007,박강옥,여,36,19,2015,사원,영업,No,42,32,14,69002987
1777,하공명,남,50,29,2011,대리,영업,No,77,36,14,113319620
3080,윤경미,여,39,32,2013,대리,재무,Yes,158,52,9,109477189
939,이경태,남,34,18,2012,사원,법무,No,323,25,13,57546563
1306,조경규,남,33,15,2016,사원,인사,No,212,31,26,39430278
4248,정국태,남,37,17,2016,사원,총무,No,354,65,11,45145417
3282,정강태,남,39,19,2014,주임,기획,No,146,65,12,88127987
1325,박경규,남,35,18,2011,사원,마켓팅,No,214,46,11,61937848
4165,류가영,여,34,18,2016,사원,재무,No,127,36,4,53145417
840,한공명,남,39,19,2013,이사,영업,No,57,43,4,146127987
3617,정공명,남,37,15,2015,사원,법무,No,357,45,7,48145417
2962,박경규,남,38,18,2014,대리,인사,No,105,55,2,109974202
5480,이기복,남,32,13,2014,인턴,총무,No,236,58,17,21401494
3692,하국도,남,40,19,2015,주임,영업,No,217,38,4,82431772
4592,박권희,여,45,32,2011,대리,기획,No,71,47,9,98474550
2193,한경수,남,42,21,2012,사원,마켓팅,No,170,33,14,68464341
2935,최규강,남,40,19,2014,사원,영업,No,153,44,2,76556772
4156,한귀영,여,37,20,2016,인턴,재무,No,128,46,9,37431772
4625,강경율,남,35,16,2013,사원,법무,No,263,35,14,70787848
1887,하경숙,여,52,36,2014,사원,인사,No,229,44,6,65988544
4530,강건섭,남,35,19,2011,사원,총무,Yes,464,55,17,55787848
2423,조가영,여,40,26,2012,인턴,기획,No,156,54,5,32918126
4954,주경모,남,27,7,2015,인턴,마켓팅,No,193,24,21,34757570
4864,조경윤,여,29,10,2012,인턴,영업,Yes,265,34,15,31513994
1619,조건섭,남,43,20,2011,대리,재무,No,96,46,10,114005626
5581,최경옥,여,33,19,2012,사원,법무,No,132,84,4,48535383
1267,조기남,남,33,13,2010,주임,인사,No,153,47,12,76880278
348,하규범,남,35,19,2011,주임,총무,No,70,37,8,86600348
3715,강경주,여,41,35,2015,부장,기획,No,32,47,7,138434759
2205,조기룡,남,43,25,2015,사원,마켓팅,No,66,58,12,66793126
4698,정강모,남,29,8,2014,인턴,재무,No,237,39,25,37240139
1852,강강모,남,41,27,2011,사원,법무,No,272,73,16,75060557
5004,하강수,남,43,22,2014,사원,인사,No,163,50,8,75843126
2965,강강필,남,42,23,2014,주임,총무,No,228,23,7,89414341
1633,하국만,남,50,32,2015,주임,기획,No,46,36,23,96719620
2490,조강만,남,31,12,2015,과장,개발,No,71,41,9,124572709
1428,조경빈,여,38,22,2011,사원,마켓팅,No,148,61,8,58035557
251,전건표,남,35,17,2010,주임,재무,Yes,314,45,9,79087848
1774,조가영,여,39,25,2011,사원,법무,No,136,57,9,74508091
3600,정건모,남,38,18,2012,사원,인사,No,269,45,11,63624202
2509,정강주,여,41,25,2013,사원,총무,No,139,38,14,56271911
265,전경모,남,34,14,2010,주임,기획,No,175,50,1,83534063
3745,주강수,남,38,17,2015,사원,마켓팅,No,157,36,8,69574202
3684,임기수,남,36,24,2015,주임,재무,No,55,50,11,94004481
2843,조경율,남,48,29,2011,주임,법무,No,153,40,8,81487050
2228,최경빈,여,39,26,2012,사원,인사,No,165,52,4,56464341
290,임규만,남,36,18,2010,사원,총무,No,272,47,4,66291633
5190,최경표,남,33,12,2010,인턴,기획,No,153,45,18,36015278
4838,윤가선,여,30,9,2012,인턴,영업,Yes,205,60,8,37430278
2656,김경륜,남,41,19,2013,과장,마켓팅,No,29,69,8,124623057
1923,하규범,남,41,22,2011,차장,재무,No,38,43,13,130885557
3564,최공명,남,38,20,2015,주임,법무,No,94,40,19,89574202
2366,한국태,남,44,26,2012,사원,인사,No,406,79,3,72453161
2671,조경규,남,40,30,2013,사원,총무,No,187,38,16,69319620
5562,장국도,남,51,34,2013,차장,기획,No,68,46,20,133273404
3283,하기담,남,46,28,2011,주임,마켓팅,No,256,40,13,92860731
760,임규광,남,35,18,2011,대리,재무,No,157,36,13,101517848
4279,박경모,남,35,26,2010,부장,법무,No,80,52,20,137075696
5583,류규백,남,30,12,2015,주임,인사,Yes,218,63,11,78143924
2061,임강민,남,46,28,2015,사원,총무,No,283,80,4,71004481
5407,주경표,남,33,18,2013,사원,기획,Yes,198,40,16,52430278
1953,조경복,남,41,24,2011,사원,마켓팅,No,212,47,25,70035557
2395,조경율,남,43,21,2012,대리,영업,No,89,43,20,109893126
2269,주경숙,여,39,22,2011,주임,재무,Yes,140,58,10,96789341
2200,강강백,남,43,24,2011,주임,영업,No,234,63,14,82918126
4968,여국만,남,49,26,2014,사원,법무,No,180,46,21,69415835
3912,강경백,남,42,25,2016,사원,인사,No,172,40,4,72289341
2714,주경태,남,34,13,2013,사원,총무,No,74,49,9,63684063
3011,강규태,남,38,20,2014,주임,기획,No,28,56,5,93699202
2898,한기수,남,42,20,2014,사원,영업,No,117,51,21,69414341
990,이규만,남,38,15,2013,주임,개발,No,8,51,12,89924202
4351,전경백,남,35,17,2011,사원,마켓팅,No,13,24,15,72481598
4040,임공민,남,39,19,2015,사원,재무,No,206,27,6,71002987
3945,신경백,남,39,21,2015,사원,영업,No,331,66,10,51002987
325,정군길,남,34,15,2010,대리,법무,No,69,36,13,103809063
169,강강주,여,31,17,2013,사원,영업,Yes,171,54,11,76059063
4094,정경백,남,37,15,2014,주임,인사,No,71,40,11,85145417
5245,하남연,남,29,11,2016,인턴,총무,No,197,29,10,33715139
1485,조건표,남,39,18,2010,사원,기획,No,153,49,19,71052987
902,임기문,남,31,11,2012,주임,마켓팅,No,420,77,5,92885209
97,임대동,남,38,20,2016,사원,영업,No,194,50,13,46574202
1644,장경모,남,41,23,2011,대리,재무,No,313,47,12,100910557
5118,박군길,남,22,0,2014,사원,법무,No,176,39,12,51963646
4519,하규광,남,32,10,2012,사원,인사,No,221,40,14,54126494
3411,조경백,남,42,24,2015,사원,총무,No,188,30,5,55289341
491,윤교묵,남,34,15,2015,사원,기획,No,8,44,4,73859063
4545,정교묵,남,35,15,2012,대리,마켓팅,Yes,226,54,17,112287848
926,조강옥,여,31,9,2012,사원,영업,No,120,52,9,44859063
5450,강경택,남,29,10,2014,주임,재무,No,71,42,23,95540139
4496,윤가원,여,44,28,2015,사원,영업,No,194,47,11,50433265
4700,조기복,남,29,19,2014,대리,영업,No,192,49,5,109752987
2765,윤국도,남,33,12,2014,사원,개발,Yes,208,29,14,55930278
1285,박가윤,여,31,17,2010,인턴,법무,Yes,295,43,6,28859063
2780,윤규광,남,33,15,2011,사원,인사,No,140,69,13,74530278
330,장규범,남,37,19,2010,주임,총무,No,102,39,15,82532917
2712,박경아,여,42,27,2013,사원,기획,No,122,37,11,72750696
5222,이경아,여,38,23,2011,주임,마켓팅,No,10,58,3,87873057
4013,강경무,남,36,15,2015,사원,재무,No,199,65,7,61716633
2867,하기남,남,34,28,2011,주임,개발,No,44,41,11,97406911
4524,박강필,남,43,25,2011,대리,법무,No,155,34,14,113236876
300,조건모,남,40,22,2014,사원,인사,No,428,40,6,60831772
1789,최규광,남,42,21,2011,사원,총무,No,374,79,16,71489341
1424,최경빈,여,39,21,2011,주임,개발,Yes,242,80,4,86289341
5241,하규범,남,30,14,2016,사원,영업,No,119,41,14,50143924
2809,조규로,남,38,17,2014,사원,기획,No,104,40,4,68699202
1696,임강만,남,38,18,2016,대리,마켓팅,No,109,39,11,106574202
1283,장국만,남,35,14,2010,인턴,재무,Yes,299,44,15,27337848
5598,이규민,남,33,14,2014,인턴,영업,No,104,61,10,30955278
5698,신국만,남,47,27,2011,주임,법무,No,153,48,21,78633265
1656,조건섭,남,45,25,2011,과장,인사,No,116,63,4,116544446
4535,임건표,남,35,28,2012,차장,영업,No,349,58,13,131038196
4455,박기백,남,32,20,2012,과장,총무,No,326,44,15,126601841
1481,정군모,남,41,23,2011,사원,기획,No,153,49,13,70035557
4249,최기담,남,31,14,2016,사원,마켓팅,No,96,25,29,51572709
5628,정경도,남,35,16,2015,사원,영업,No,227,30,10,45287848
3918,장군모,남,37,14,2015,사원,영업,No,211,52,0,68145417
3465,윤경륜,남,46,26,2012,사원,재무,No,248,36,6,49604481
4134,정기담,남,34,23,2016,대리,법무,No,78,42,7,113146911
5665,한규영,남,29,9,2016,사원,인사,No,190,48,16,43715139
2224,임교묵,남,31,13,2013,주임,총무,No,52,45,23,89672709
2425,조국길,남,42,24,2012,과장,기획,No,225,50,11,118808091
5317,주교묵,남,33,25,2010,주임,마켓팅,No,287,51,9,93918126
3596,임경율,남,37,19,2015,인턴,재무,No,91,47,11,33145417
1085,한강수,남,26,6,2016,인턴,법무,No,214,32,16,29428785
619,조가현,여,35,16,2012,사원,인사,No,202,61,11,50724202
4210,주건모,남,37,20,2016,대리,총무,No,101,46,5,105145417
3855,장국만,남,37,18,2015,주임,기획,No,57,39,14,78145417
4623,정가실,여,28,12,2013,인턴,마켓팅,No,83,56,8,37072709
107,최경선,여,29,13,2012,주임,재무,Yes,439,83,2,83501494
3331,정국태,남,41,23,2014,사원,법무,No,129,34,14,70985557
2556,김건섭,남,46,27,2011,주임,인사,No,234,35,20,77179481
49,주내형,남,32,13,2011,주임,총무,No,92,45,5,94501494
1967,윤경복,남,47,31,2014,주임,기획,No,48,44,8,81558265
2335,임강린,여,34,32,2013,주임,마켓팅,Yes,344,49,9,90533265
4786,강강옥,여,48,34,2015,주임,재무,Yes,230,77,6,97273404
4105,윤국만,남,37,15,2016,사원,법무,No,184,23,23,55145417
2114,조건표,남,32,10,2010,주임,인사,No,176,56,7,85613994
2921,장국길,남,47,28,2014,주임,총무,No,13,30,9,82558265
3166,조가선,여,40,34,2014,주임,기획,No,166,51,5,96130974
977,장공민,남,33,14,2012,사원,마켓팅,No,134,59,8,41117778
1689,박가실,여,39,23,2011,대리,재무,No,71,61,5,99489341
3672,정강민,남,49,27,2011,주임,법무,No,459,73,7,81828335
3909,강규건,남,37,20,2015,사원,인사,No,221,54,20,48145417
341,임강필,남,36,19,2011,대리,개발,No,28,55,7,103066633
5026,장경도,남,33,13,2012,대리,총무,Yes,235,55,19,99480278
2751,장경모,남,50,29,2013,과장,기획,Yes,246,45,13,129794620
4672,양경미,여,28,11,2013,대리,개발,No,5,65,6,97822709
1785,조경백,남,43,25,2011,과장,마켓팅,No,32,34,27,128458126
3310,임경율,남,40,18,2014,사원,영업,Yes,475,75,10,52431772
4560,조국태,남,31,13,2012,대리,재무,No,120,49,2,113147709
5185,임경도,남,44,22,2016,사원,개발,No,182,32,27,70146911
1969,이기륭,남,41,20,2011,대리,영업,No,65,34,16,110460557
4586,윤당주,남,50,28,2015,대리,법무,No,311,40,7,106719620
397,임기복,남,35,24,2011,대리,영업,No,151,23,21,104555696
5668,최규탁,남,29,9,2016,주임,인사,No,83,32,14,93715139
4963,최경숙,여,27,11,2016,사원,총무,No,160,40,7,43143924
1655,주경택,남,43,27,2011,대리,개발,No,261,32,23,113049376
2648,임다호,남,35,18,2016,사원,기획,No,203,42,5,57287848
1709,여규광,남,44,25,2011,주임,마켓팅,No,13,45,15,84346911
4878,조강희,여,43,26,2014,사원,재무,No,227,37,9,53129481
2521,한강숙,여,49,35,2015,과장,개발,No,32,46,4,117577189
831,조규광,남,32,14,2012,인턴,법무,No,42,42,18,39051494
1845,최규란,여,39,21,2011,사원,영업,No,120,58,5,74464341
5198,임강주,여,48,34,2011,사원,인사,No,176,37,4,72323404
3740,강경복,남,40,32,2015,주임,총무,No,29,37,12,95844620
5161,임건표,남,30,10,2015,주임,영업,No,87,70,4,95143924
2753,한공민,남,42,23,2013,주임,기획,Yes,244,32,8,80289341
3235,조가인,여,39,23,2014,주임,마켓팅,Yes,172,77,0,79289341
186,장건모,남,31,9,2014,사원,영업,No,195,25,11,44372709
5029,전경도,남,42,22,2015,사원,영업,No,194,37,11,55289341
4271,주강태,남,33,17,2010,과장,재무,No,34,52,19,122436528
4929,최근영,여,26,9,2015,사원,개발,No,82,46,12,40615139
2414,류기남,남,40,27,2012,대리,법무,No,233,62,15,97969620
3890,하건표,남,53,32,2012,대리,인사,No,244,45,18,104180974
3976,임기복,남,31,21,2011,대리,영업,No,151,48,15,98840557
4628,장국태,남,32,16,2013,주임,총무,No,28,59,17,90851494
2212,강기태,남,46,26,2012,주임,기획,No,127,52,3,86904481
1400,하경수,남,38,22,2013,사원,마켓팅,Yes,190,47,11,65624202
2195,박강민,남,41,31,2012,대리,재무,No,13,46,12,109748404
1556,강군길,남,37,19,2016,인턴,개발,No,34,52,9,30145417
1037,하경복,남,29,9,2015,사원,법무,No,232,51,3,61715139
2541,하가주,여,36,16,2013,주임,영업,Yes,151,55,12,79002987
4419,하기백,남,33,12,2011,사원,인사,No,97,50,13,41305278
3468,장경모,남,48,25,2015,사원,총무,No,218,35,11,63862050
1022,장경희,여,27,22,2015,사원,기획,No,40,38,2,68431772
2860,한가현,여,45,28,2014,주임,마켓팅,No,5,59,9,95987050
1684,장교묵,남,41,19,2011,차장,재무,No,20,51,13,130210557
4067,정길성,남,52,32,2016,사원,영업,No,167,41,24,41577189
1991,하규민,남,36,17,2016,사원,개발,No,320,41,5,43716633
4740,조경태,남,29,9,2014,인턴,법무,No,293,47,12,16590139
2810,조규탁,남,38,28,2014,주임,인사,No,153,59,18,88987050
4477,이기담,남,34,12,2012,사원,총무,No,153,55,9,57171563
3914,정기범,남,35,16,2010,주임,기획,No,176,39,7,95437848
698,조국길,남,33,27,2012,대리,영업,No,80,43,16,113274376
4281,정강백,남,46,23,2013,차장,마켓팅,No,101,30,15,131766981
5036,정군길,남,47,27,2015,과장,재무,No,110,58,12,122433265
4895,시고운,여,28,14,2013,인턴,개발,No,144,55,7,37847709
4335,주교묵,남,33,11,2011,사원,법무,No,292,41,8,55442778
108,한강수,남,30,6,2012,사원,인사,No,196,37,12,45793924
3863,강국만,남,41,18,2015,주임,총무,No,17,51,10,79985557
183,주기태,남,38,15,2014,대리,기획,No,136,59,7,115074202
3321,정국길,남,55,33,2015,사원,영업,No,195,25,13,73863544
909,장경택,남,35,13,2012,인턴,마켓팅,No,153,38,14,33750348
3512,주건섭,남,39,20,2011,사원,재무,No,206,52,18,67412987
3922,최강미,여,35,19,2015,사원,개발,No,153,40,11,52574202
2557,김규경,남,38,20,2013,주임,법무,No,61,41,14,89699202
1904,박경태,남,40,31,2011,부장,인사,No,298,83,8,141319620
3829,강경주,여,38,31,2015,차장,총무,No,32,46,7,134148404
632,하기륭,남,31,17,2012,주임,영업,No,357,70,13,92572709
369,한규강,남,49,28,2016,사원,영업,No,216,48,1,62290835
3866,윤규경,남,39,20,2015,사원,기획,No,251,34,6,52127987
4197,강경수,남,39,17,2016,주임,마켓팅,No,78,51,9,88002987
5505,한기문,남,46,29,2014,상무,재무,No,79,32,9,153129481
2915,하강수,남,40,22,2014,사원,개발,No,163,51,8,71556772
4092,장규만,남,34,17,2011,사원,법무,No,153,43,4,60059063
1554,장대권,남,41,21,2011,대리,인사,No,455,83,7,100035557
973,조공민,남,32,15,2012,사원,총무,No,375,37,16,54763994
2394,전건우,남,43,26,2012,사원,영업,No,207,35,25,70343126
3755,한경욱,남,41,21,2015,사원,기획,No,330,33,13,63860557
593,정경택,남,32,15,2011,사원,영업,No,161,47,12,57936494
4611,하경륜,남,30,12,2013,사원,마켓팅,No,42,43,17,72643924
5283,한경수,남,31,13,2013,사원,재무,Yes,211,32,27,70472709
4454,박국길,남,31,21,2012,주임,개발,No,274,44,14,81385557
591,최국길,남,31,19,2011,사원,법무,No,231,53,12,76177709
613,강국만,남,32,14,2012,사원,영업,No,115,47,14,64201494
2260,최국만,남,45,24,2012,차장,인사,No,94,49,10,131325696
4437,장강정,여,38,21,2014,사원,총무,No,183,38,11,65910557
1868,조기백,남,47,26,2011,대리,기획,No,111,51,1,109608265
5486,윤귀선,여,29,15,2014,주임,마켓팅,No,16,53,9,88351494
1948,최강미,여,42,28,2011,사원,재무,No,152,64,2,63750696
4695,조기택,남,28,11,2014,사원,개발,No,49,42,25,61786354
5589,정강윤,여,33,17,2011,주임,법무,Yes,248,78,10,81966633
3685,박경륜,남,37,18,2015,사원,인사,No,194,42,10,53145417
1098,장경택,남,26,7,2016,인턴,총무,No,217,32,25,4428785
2808,강기룡,남,42,20,2014,주임,기획,No,374,49,17,77414341
3568,김경연,여,46,38,2015,주임,영업,No,201,33,10,85578683
4904,장교묵,남,30,8,2014,인턴,마켓팅,No,228,30,27,17606424
4561,강강윤,여,28,10,2012,사원,재무,No,78,65,9,68510209
662,임경희,여,27,10,2012,사원,개발,No,346,89,5,39493924
1078,이건모,남,28,9,2016,사원,법무,No,279,38,10,57286354
2936,강경무,남,43,20,2014,사원,인사,No,236,85,7,70843126
2000,임규건,남,41,24,2011,주임,총무,No,62,47,12,95035557
1714,조가원,여,38,16,2011,대리,기획,Yes,162,62,5,99860557
2527,장경모,남,47,29,2011,대리,마켓팅,No,332,25,14,109483265
3953,윤규빈,남,37,20,2015,사원,재무,No,61,50,12,63145417
2468,강강혜,여,38,24,2013,주임,개발,No,112,41,12,81985557
4300,조건섭,남,44,36,2013,과장,법무,No,315,43,4,120672259
4784,장규백,남,26,8,2016,인턴,인사,No,27,28,17,14428785
2826,조경복,남,50,34,2016,사원,총무,No,466,52,13,63719620
4408,이경아,여,32,16,2011,주임,기획,No,10,65,1,79300348
2769,강공명,남,32,14,2011,주임,마켓팅,No,153,51,10,77771494
4756,장경혜,여,29,12,2016,인턴,재무,No,136,48,10,26001494
590,임경율,남,34,24,2011,대리,영업,No,255,60,7,97815661
1097,하규백,남,26,3,2016,사원,개발,No,50,36,3,69428785
1286,한남훈,남,32,14,2010,주임,법무,Yes,173,42,22,90901494
3625,여규건,남,40,21,2015,사원,인사,No,288,54,11,53556772
3896,강강필,남,46,26,2015,과장,총무,No,90,45,19,121004481
5513,정국태,남,32,7,2014,인턴,기획,No,296,37,24,21401494
2164,강가경,여,39,19,2011,주임,마켓팅,No,265,61,0,80039341
4495,정경태,남,30,10,2012,주임,재무,No,93,32,16,96156424
62,강교묵,남,37,19,2016,사원,개발,No,246,34,19,45145417
3021,여경모,남,42,22,2014,사원,법무,No,28,50,13,74414341
3000,한규탁,남,38,20,2014,주임,인사,No,306,64,12,87974202
2973,조기수,남,40,21,2014,사원,총무,No,29,51,23,61556772
529,이가선,여,32,17,2011,사원,기획,Yes,303,62,12,58487848
2096,장기범,남,44,24,2011,주임,마켓팅,No,154,72,7,93231911
3427,임대우,남,41,34,2015,대리,재무,No,197,45,13,101148404
2702,조경륜,남,40,21,2013,사원,개발,No,356,31,15,62031772
4357,임경복,남,38,19,2011,주임,법무,No,13,42,18,91392952
4012,조경백,남,38,21,2015,사원,인사,No,188,30,5,49574202
3559,최기천,남,40,18,2015,인턴,총무,No,59,46,9,37431772
2041,정가금,여,45,30,2014,사원,기획,No,64,50,10,40987050
4694,박낙관,남,28,7,2014,주임,영업,No,153,39,18,97048854
4022,하가윤,여,35,16,2015,사원,마켓팅,No,159,49,5,57574202
394,주규만,남,48,31,2011,주임,재무,No,258,37,22,80493300
1187,임경빈,여,26,19,2016,주임,영업,No,38,45,8,94002987
767,정기담,남,31,12,2012,사원,개발,No,247,42,7,68947709
4649,최규광,남,32,10,2013,주임,법무,No,31,57,21,85001494
3399,윤건섭,남,39,22,2015,주임,인사,No,8,33,8,82127987
721,강경수,남,47,30,2011,차장,영업,No,66,56,7,134033265
1555,최근옥,여,41,34,2010,주임,총무,No,120,37,11,95684759
3357,최기백,남,43,24,2014,주임,기획,No,162,48,14,77118126
2080,최강필,남,45,27,2013,대리,마켓팅,No,371,79,10,109700696
855,윤강만,남,36,26,2012,대리,재무,No,364,25,22,102154481
1955,박규로,남,42,23,2011,사원,개발,No,207,32,13,71464341
2631,이기영,남,41,21,2013,사원,법무,No,156,31,12,72623057
5419,장건표,남,33,14,2013,주임,인사,No,74,32,5,82780278
4034,한강수,남,41,32,2015,대리,총무,No,237,36,6,106148404
3834,강길성,남,36,19,2010,대리,개발,No,110,44,15,105841633
3389,한가복,남,39,18,2015,사원,기획,No,106,34,26,66002987
4887,최경빈,여,28,11,2013,사원,마켓팅,No,131,51,0,57847709
4851,장규태,남,49,28,2011,대리,재무,No,156,48,19,112390835
3326,이건도,남,38,19,2014,사원,개발,No,228,41,11,53699202
781,박경모,남,30,11,2012,주임,영업,No,40,47,1,91606424
302,류강희,여,45,42,2015,대리,법무,No,33,37,12,109149898
225,조경율,남,45,25,2013,사원,인사,No,153,49,1,70338196
5679,정규빈,남,27,10,2016,인턴,총무,No,269,63,9,30857570
1232,장규화,여,30,14,2010,사원,기획,Yes,265,48,10,40880278
730,정경화,여,29,10,2012,주임,마켓팅,No,78,80,4,82313994
2971,임남이,남,40,17,2014,사원,재무,No,178,38,5,71556772
1010,임남룡,남,29,8,2013,인턴,개발,Yes,323,40,13,15915139
726,한공민,남,33,11,2012,인턴,법무,No,214,44,22,30630278
2733,윤기담,남,41,20,2013,대리,인사,No,55,60,10,108985557
1616,임규빈,남,44,24,2011,과장,총무,No,114,55,12,129346911
2064,하가광,남,41,23,2011,대리,기획,No,28,67,10,110460557
2229,최강모,남,35,16,2016,사원,마켓팅,No,212,37,8,42287848
3422,조경복,남,40,21,2015,사원,재무,Yes,478,78,4,49431772
232,박기동,남,36,22,2010,과장,개발,No,300,64,10,121291633
2912,조기륭,남,39,22,2014,주임,법무,No,163,83,9,95127987
3291,임강태,남,37,16,2010,사원,인사,No,250,60,3,67457917
5002,조규로,남,35,16,2016,주임,영업,No,158,37,13,82287848
3927,전경태,남,45,28,2015,인턴,총무,No,202,36,22,34575696
5596,류경도,남,27,7,2015,사원,기획,No,56,43,10,48857570
4409,장규건,남,45,24,2011,대리,영업,No,299,82,7,106175696
592,강공명,남,33,16,2011,사원,마켓팅,No,302,51,20,58611528
3850,하기문,남,40,20,2015,사원,재무,No,157,68,10,52431772
635,강강백,남,45,35,2015,차장,영업,No,90,39,4,131863544
925,이경숙,여,28,10,2012,사원,개발,No,120,53,4,41410209
2225,장기범,남,45,38,2012,차장,법무,No,297,42,12,136013544
5590,강낙균,남,28,13,2015,사원,인사,No,64,45,6,75286354
2732,조경무,남,36,25,2015,과장,총무,No,90,43,19,124004481
3141,임규탁,남,46,25,2014,사원,기획,No,182,50,14,40129481
2005,박공민,남,42,22,2012,대리,마켓팅,No,28,39,14,108464341
1181,윤경복,남,40,23,2011,사원,영업,Yes,339,38,16,71481772
5109,주경숙,여,40,24,2011,대리,재무,Yes,140,58,12,98218126
1419,한군모,남,40,22,2011,사원,개발,No,215,46,25,69606772
5291,윤가온,여,35,13,2014,주임,법무,No,102,37,4,79824202
75,박교묵,남,30,11,2011,인턴,인사,No,303,39,9,37150174
4390,장경순,여,32,18,2011,주임,개발,No,20,62,7,79600348
3073,임건표,남,35,17,2012,사원,총무,No,249,56,11,58600348
2966,장강길,남,38,22,2014,사원,기획,Yes,333,42,17,66574202
2175,정강태,남,47,24,2014,사원,마켓팅,No,243,37,11,70195765
3362,김기남,남,47,28,2011,과장,영업,No,72,47,9,118633265
2550,강국도,남,39,20,2013,사원,영업,No,71,49,18,70602987
2336,윤경숙,여,40,27,2012,사원,영업,No,129,57,11,57943126
1788,정가설,여,40,20,2011,사원,재무,No,236,52,12,60893126
4576,윤경백,남,35,17,2012,주임,개발,No,348,51,17,88112848
5312,임감현,남,33,11,2010,주임,법무,No,110,41,19,91630278
4799,정국태,남,34,17,2010,주임,인사,No,68,39,12,93959063
2928,하국길,남,46,24,2012,대리,총무,Yes,153,34,12,98279481
1111,임규탁,남,46,29,2013,주임,기획,No,34,31,18,80604481
4856,강국길,남,36,14,2010,과장,마켓팅,Yes,184,56,0,116766633
2309,한가선,여,40,22,2012,사원,재무,No,93,82,8,67893126
2683,한가실,여,33,16,2011,인턴,개발,Yes,305,58,2,12716633
507,이규경,남,37,15,2011,사원,법무,No,120,33,24,74435417
2688,정강길,남,42,23,2013,주임,인사,No,251,47,9,80464341
2779,조규강,남,33,11,2016,주임,영업,No,46,40,12,84430278
1289,박강린,여,32,19,2010,사원,총무,Yes,246,62,3,73037848
2783,조금주,여,39,19,2014,사원,기획,No,108,49,13,59139341
3687,하경표,남,41,24,2015,사원,마켓팅,No,177,32,19,54985557
2852,최군모,남,39,17,2014,사원,재무,No,362,26,27,55127987
5103,주경륜,남,37,19,2011,대리,개발,No,303,48,1,114345417
539,주경숙,여,31,15,2011,주임,법무,Yes,140,56,8,85359063
1606,강규태,남,40,27,2011,주임,인사,No,13,50,23,94031772
4079,한경주,여,37,22,2015,주임,총무,No,56,71,2,80431772
1891,주기남,남,33,14,2012,대리,영업,No,108,57,10,115067778
5586,장강미,여,28,11,2015,인턴,기획,No,155,59,8,27572709
1453,장규만,남,42,20,2014,대리,마켓팅,No,95,59,8,113589341
1245,하국길,남,46,26,2014,사원,재무,No,163,40,20,40129481
1567,하강규,남,43,25,2011,대리,영업,No,28,46,21,112893126
2291,최경태,남,43,20,2014,대리,개발,No,73,69,7,103843126
5666,강군길,남,28,23,2016,대리,법무,No,62,44,12,104574202
155,임경주,여,40,27,2012,인턴,인사,Yes,161,74,5,30618126
1515,최경윤,여,40,25,2011,주임,총무,Yes,170,52,15,83793126
4463,임경복,남,31,12,2012,사원,기획,No,119,68,15,60710209
4619,강경복,남,33,15,2013,대리,마켓팅,No,28,51,10,112680278
3837,조귀선,여,36,18,2015,사원,재무,No,24,46,7,54002987
1496,강경륜,남,45,22,2011,사원,개발,No,309,43,12,51844446
708,한규강,남,30,11,2012,주임,영업,No,113,42,15,77443924
5127,정강태,남,30,12,2014,사원,법무,No,324,47,10,43393924
1820,조경무,남,30,11,2010,주임,인사,No,88,52,14,97343924
3431,강기담,남,36,15,2015,주임,총무,No,49,46,13,86716633
4952,임기륭,남,28,12,2015,주임,영업,No,96,56,11,96186354
4699,하규광,남,33,25,2011,상무,기획,No,48,66,3,152099376
5457,장건도,남,28,8,2014,사원,마켓팅,No,268,59,4,50686354
1658,박가현,여,41,33,2011,이사,영업,No,14,36,0,144953509
3463,하강윤,여,50,30,2014,주임,재무,No,120,54,11,83130974
1219,한경태,남,33,16,2010,주임,개발,No,153,37,17,81480278
5413,박기룡,남,34,15,2016,사원,법무,No,77,54,1,70859063
29,최경택,남,33,12,2011,차장,인사,No,239,43,25,133319671
3419,이경선,여,38,19,2015,사원,총무,No,21,79,2,51860557
2135,최경욱,남,51,33,2013,대리,기획,No,41,39,10,108323404
5340,류강모,남,39,21,2016,대리,영업,No,173,35,12,108002987
1198,강경도,남,38,19,2011,사원,마켓팅,No,110,64,15,75984202
4448,한기동,남,32,14,2012,과장,재무,No,35,45,5,118313994
5189,하군길,남,34,16,2010,사원,개발,No,26,26,16,48359063
810,조강옥,여,29,15,2012,사원,법무,No,5,54,11,58301494
5040,윤규경,남,33,15,2012,인턴,인사,No,183,42,7,31830278
4106,정건모,남,32,10,2012,대리,총무,No,153,33,9,99988994
4424,정낙관,남,32,11,2011,대리,기획,Yes,209,67,6,98001494
4709,하남인,남,30,11,2014,사원,마켓팅,No,257,43,20,42418924
426,한권희,여,39,21,2012,인턴,재무,Yes,184,68,6,32114341
5460,장강주,여,36,18,2013,주임,개발,No,176,54,1,79427987
4820,강군길,남,31,9,2011,주임,개발,No,179,44,11,87347709
1630,임건모,남,42,22,2011,주임,법무,No,119,65,12,82489341
4632,강가설,여,29,14,2013,사원,인사,No,143,47,11,54501494
4770,주규만,남,28,8,2016,사원,총무,No,75,46,22,72286354
2857,박공민,남,39,19,2012,사원,기획,Yes,186,39,17,74177987
1136,하군길,남,47,31,2011,대리,마켓팅,No,231,44,24,98608265
5442,임경도,남,34,14,2013,사원,재무,No,259,83,10,53684063
3601,하공명,남,39,19,2015,주임,개발,No,105,45,18,96002987
2153,하남룡,남,41,19,2011,대리,법무,No,91,72,6,100035557
5129,장기표,남,29,10,2014,주임,인사,No,69,51,18,80765139
322,조규범,남,36,16,2010,사원,총무,No,100,33,17,70904133
1031,한규강,남,36,16,2012,주임,영업,No,113,36,15,86016633
3225,주규경,남,43,25,2014,주임,기획,No,126,51,6,90843126
5167,김강수,남,46,26,2014,사원,마켓팅,No,207,28,24,65129481
2982,한규태,남,41,34,2014,이사,재무,No,104,46,13,148273404
5051,윤규로,남,28,9,2012,인턴,영업,No,186,27,25,21686354
2045,장기룡,남,42,20,2011,사원,개발,No,213,64,20,72589341
2259,강규민,남,42,24,2012,사원,법무,No,118,31,24,54258091
4536,한기영,남,33,15,2012,대리,인사,No,28,46,7,115330278
5110,장규백,남,43,25,2011,주임,총무,No,56,34,22,82893126
115,윤경규,남,32,22,2012,과장,기획,No,28,47,4,126939341
2518,최규만,남,48,28,2013,차장,마켓팅,No,65,40,12,132037050
71,강낙균,남,34,17,2011,주임,재무,No,42,64,11,97119063
3748,최규백,남,37,18,2015,인턴,개발,No,239,36,11,23145417
1137,정강옥,여,25,9,2016,인턴,법무,No,38,42,4,30286354
2674,한건모,남,43,27,2013,이사,인사,No,28,40,15,151843126
3785,장국만,남,39,19,2015,대리,영업,No,59,38,9,101002987
4465,주공명,남,31,24,2012,주임,총무,No,238,49,16,82866807
3121,조규빈,남,38,22,2014,대리,기획,No,52,17,10,98699202
15,한가혜,여,30,24,2011,과장,마켓팅,No,54,57,8,128476441
5508,강강만,남,28,10,2014,사원,재무,Yes,250,33,4,75286354
2163,주경수,남,43,23,2015,인턴,개발,No,153,38,4,31718126
4680,임국태,남,30,13,2014,주임,법무,No,39,51,16,81893924
280,주경모,남,37,16,2010,대리,인사,Yes,202,43,22,104701667
1047,박경란,여,39,19,2016,사원,총무,No,20,53,12,50289341
1909,장강필,남,41,24,2011,주임,기획,No,79,60,7,95035557
1499,조내형,남,41,24,2011,대리,영업,Yes,257,61,11,107085557
1770,박가설,여,43,27,2011,대리,영업,No,25,44,10,115229481
5087,조가선,여,29,11,2013,사원,마켓팅,No,120,60,4,40251494
976,장경도,남,37,19,2012,주임,재무,No,28,50,22,86195417
4513,전남연,남,44,26,2016,주임,개발,No,95,59,11,95146911
2078,박공민,남,42,25,2011,주임,법무,No,80,30,17,87314341
5106,한경선,여,29,12,2013,인턴,인사,No,156,42,12,15476494
784,조규건,남,34,13,2012,사원,총무,No,402,83,0,58259063
1545,주경표,남,45,25,2011,과장,기획,No,175,37,16,121113196
4285,장경복,남,49,31,2016,사원,마켓팅,No,457,51,9,62290835
1376,정가온,여,32,18,2011,인턴,재무,No,20,77,6,34937848
3981,강가숙,여,37,19,2015,사원,개발,No,41,68,10,45431772
5671,정국태,남,27,7,2016,인턴,법무,No,224,25,13,5857570
2077,한기담,남,40,19,2011,대리,인사,No,62,51,18,99606772
1405,장경욱,남,31,13,2012,사원,총무,No,13,53,23,63022709
2170,최경윤,여,37,17,2012,사원,기획,No,1,48,10,64281772
2084,양국도,남,45,26,2015,주임,개발,Yes,241,44,11,96575696
1053,주경수,남,47,26,2015,인턴,마켓팅,No,153,38,4,37433265
5345,주경백,남,32,13,2010,사원,재무,No,392,33,23,76191494
5603,한국도,남,28,9,2015,사원,개발,No,105,48,10,50286354
282,임규련,여,31,13,2010,사원,법무,No,135,67,2,71471563
1435,조기룡,남,42,19,2011,과장,인사,No,196,31,9,117044341
5237,정건도,남,38,24,2011,사원,총무,Yes,584,23,16,63374202
2272,주경택,남,36,25,2016,주임,기획,No,54,25,18,86004481
1647,류강수,남,42,24,2011,과장,마켓팅,No,130,25,14,121920591
2331,시규범,남,40,19,2012,대리,재무,No,147,46,25,105631772
283,박국도,남,36,14,2010,주임,개발,No,79,50,20,81329133
798,임경륜,남,35,12,2012,인턴,법무,No,422,34,10,33487848
2070,정강백,남,45,26,2011,주임,인사,No,161,49,23,79975696
5546,강경표,남,27,9,2015,주임,총무,No,91,24,8,93857570
829,임나일,남,32,13,2012,주임,기획,No,31,62,24,94763994
5055,박군길,남,31,9,2013,사원,마켓팅,No,137,42,13,75822709
332,하가주,여,48,35,2013,주임,영업,Yes,151,50,13,96148404
2435,윤규태,남,39,20,2013,사원,재무,No,81,65,11,71127987
2609,김경옥,여,42,26,2013,사원,개발,No,20,51,13,42700696
4266,강길성,남,33,12,2010,대리,개발,No,110,47,13,101555278
2555,강공민,남,41,21,2013,대리,법무,No,58,48,6,103985557
3473,강기문,남,37,15,2015,인턴,인사,No,237,43,12,23145417
4315,장공민,남,48,30,2015,사원,총무,No,76,69,2,48862050
1023,임가원,여,26,8,2015,사원,영업,No,376,52,9,44715139
478,장고운,여,31,14,2011,주임,기획,Yes,195,26,15,85509063
3982,조기남,남,37,17,2015,주임,마켓팅,No,70,23,15,78145417
5447,장규건,남,34,17,2011,사원,재무,No,28,63,10,75584063
1364,강강윤,여,30,13,2011,인턴,개발,Yes,265,47,4,38080278
4051,장경륜,남,37,27,2015,부장,법무,No,43,47,8,140433265
1860,조가경,여,40,26,2011,사원,인사,No,55,47,7,46743126
5163,하규건,남,37,20,2011,주임,총무,No,63,41,14,94255417
1581,강기백,남,43,21,2011,대리,영업,No,119,43,14,113468126
5168,윤규강,남,29,8,2016,인턴,기획,No,68,34,17,38715139
5549,정갑규,남,47,27,2016,사원,마켓팅,No,472,31,16,59433265
4732,한건우,남,34,16,2014,사원,영업,No,139,34,15,57384063
3281,강규태,남,41,20,2014,사원,재무,No,62,34,12,67985557
2396,임경임,여,41,27,2012,사원,개발,No,174,56,9,69346911
2740,박규태,남,47,29,2013,이사,법무,No,28,51,22,145608265
3946,임강윤,여,39,32,2015,주임,인사,No,34,50,11,90577189
812,박공민,남,36,28,2016,대리,영업,No,24,23,23,106004481
750,장건도,남,34,12,2014,사원,총무,No,301,78,2,59259063
1550,정내형,남,41,24,2011,사원,기획,No,288,41,22,70460557
1986,조대동,남,41,20,2011,사원,영업,No,153,40,15,45035557
5390,조건도,남,34,24,2012,과장,영업,No,13,40,13,119309411
1707,임국태,남,42,24,2011,사원,마켓팅,No,58,66,8,56920591
1759,조규건,남,40,17,2015,주임,재무,No,101,39,12,92431772
5380,윤강필,남,35,11,2010,사원,개발,No,153,39,23,64697848
5691,박기륭,남,28,8,2016,인턴,법무,No,217,33,5,7286354
4100,양건모,남,36,25,2016,주임,인사,No,30,39,13,81004481
2999,임귀선,여,37,20,2014,사원,총무,No,229,55,8,59556772
3364,정달윤,남,50,29,2014,과장,기획,No,73,51,5,118844620
5032,강가실,여,28,14,2012,사원,마켓팅,No,21,49,7,71172709
3200,윤규백,남,39,21,2014,사원,재무,No,292,45,16,58127987
1583,하국만,남,35,15,2016,사원,개발,No,24,43,18,72287848
850,주강필,남,34,13,2012,주임,법무,No,216,49,19,86859063
3711,전강백,남,37,16,2015,사원,인사,Yes,183,39,21,55145417
5008,이경모,남,34,14,2011,사원,총무,No,170,48,13,60709063
4932,류가실,여,28,10,2015,인턴,영업,No,168,55,7,29597709
5318,한규건,남,44,22,2015,주임,기획,Yes,188,47,5,85146911
5585,한건섭,남,27,15,2015,사원,마켓팅,No,59,41,12,76145417
390,정강모,남,47,30,2016,대리,재무,No,101,34,15,114433265
3466,최경택,남,47,27,2015,사원,개발,No,206,40,25,62433265
5563,장강윤,여,47,31,2013,인턴,영업,Yes,512,41,13,34519620
1410,이강혜,여,38,28,2011,사원,법무,No,33,56,11,73035557
770,조규태,남,37,30,2012,이사,인사,No,28,49,9,148502015
5111,최국만,남,34,14,2016,사원,총무,No,63,47,3,55859063
4726,윤경희,여,28,11,2014,사원,기획,No,64,71,10,61097709
309,강기문,남,34,16,2010,사원,영업,No,8,46,11,68671563
1080,한경백,남,26,5,2016,사원,마켓팅,No,89,27,15,69428785
4557,조국만,남,31,14,2012,사원,재무,No,86,44,24,42416459
3579,박국도,남,39,19,2015,사원,영업,No,308,29,10,52127987
841,정강숙,여,27,18,2012,주임,개발,Yes,135,68,11,92631772
4385,장규범,남,32,13,2011,사원,개발,No,109,55,18,65007744
2686,최규강,남,41,24,2013,사원,법무,No,153,38,11,65485557
4241,임규탁,남,48,27,2014,사원,인사,No,182,40,16,42987050
3317,주군길,남,46,38,2016,사원,총무,No,192,32,15,65292328
2279,정교묵,남,33,14,2016,사원,영업,No,54,43,11,49430278
1925,정경태,남,39,33,2012,차장,기획,Yes,283,35,9,133540835
1971,임규건,남,42,25,2011,대리,영업,No,121,54,10,111808091
2090,전국영,여,39,24,2011,사원,영업,No,110,46,11,64808091
1728,한가실,여,39,25,2011,사원,영업,No,2,66,8,74889341
2736,양군모,남,41,28,2013,대리,마켓팅,No,225,35,19,97548404
4520,박규경,남,37,20,2012,대리,개발,No,28,53,12,101270417
4946,조군모,남,26,4,2015,주임,재무,Yes,173,48,13,94453785
1848,임기태,남,42,30,2011,과장,개발,No,77,50,11,118777189
2247,정규백,남,41,20,2012,과장,법무,No,185,46,6,127035557
5073,김경무,남,32,10,2014,사원,인사,No,80,42,12,59301494
4841,조기남,남,31,12,2012,대리,영업,No,71,65,10,112847709
5287,윤가은,여,29,10,2013,사원,총무,No,123,44,10,55901494
1301,박교묵,남,35,18,2012,사원,기획,No,377,57,15,68900348
285,강근영,여,30,16,2010,대리,마켓팅,Yes,140,54,11,98830278
2818,정강윤,여,37,20,2014,사원,영업,No,164,67,11,45831772
5573,임경륜,남,30,13,2015,사원,재무,No,46,28,14,68143924
1455,박강숙,여,41,23,2011,주임,개발,No,180,57,8,77886911
2836,하기룡,남,44,28,2014,주임,법무,No,239,34,13,82271911
924,한낙균,남,35,12,2012,사원,인사,No,251,47,15,43437848
1856,하귀연,여,39,18,2011,주임,영업,No,49,51,9,89808091
3554,하경규,남,37,19,2015,사원,총무,No,208,38,9,63145417
1064,정경규,남,26,6,2015,주임,영업,No,280,36,16,77428785
2221,하경욱,남,43,23,2012,주임,기획,No,137,64,14,94893126
2115,윤교묵,남,41,22,2011,인턴,마켓팅,Yes,413,51,11,31860557
4468,조경도,남,30,13,2012,인턴,재무,No,190,71,11,23531424
2720,여기영,남,39,22,2013,대리,개발,No,79,42,13,116127987
3846,이규범,남,36,18,2015,사원,법무,No,205,40,22,66716633
317,주규백,남,47,27,2015,사원,인사,No,85,34,25,47433265
5262,정강윤,여,31,13,2011,주임,총무,Yes,248,69,11,79109063
1660,조강만,남,45,25,2015,사원,기획,No,421,67,7,59575696
2766,조고운,여,38,31,2013,주임,마켓팅,No,120,39,5,84273404
3641,강공명,남,37,14,2015,주임,재무,No,66,38,25,78145417
5476,임경태,남,30,12,2014,인턴,개발,No,79,35,13,27493924
1652,박국길,남,43,27,2011,사원,법무,Yes,188,51,25,70993126
3673,박경숙,여,38,19,2015,사원,인사,No,168,41,14,56860557
4274,장강필,남,35,14,2010,주임,총무,No,238,51,23,85037848
5042,여규건,남,41,22,2015,사원,기획,No,391,74,9,54985557
971,임경주,여,35,19,2012,주임,마켓팅,No,62,83,1,90924202
4554,정경순,여,34,19,2010,주임,재무,No,35,49,9,96560417
3951,장경모,남,40,24,2010,사원,영업,No,293,54,10,71994272
103,정규광,남,36,17,2016,주임,개발,No,65,34,27,83716633
3250,윤공민,남,39,17,2014,사원,법무,No,361,46,12,55127987
1490,장경주,여,41,29,2011,사원,인사,No,18,35,12,72665661
3156,류갑규,남,39,19,2014,주임,영업,No,113,38,12,80127987
4304,강규강,남,39,21,2011,대리,총무,No,83,42,23,112292987
2606,최국만,남,50,26,2012,주임,기획,No,284,69,2,90469620
3378,정경택,남,40,22,2012,사원,마켓팅,No,242,32,5,59781772
650,정가혜,여,28,19,2012,사원,재무,No,258,38,11,48173057
47,양규영,남,37,16,2016,주임,개발,No,300,57,6,85145417
3615,조강정,여,37,24,2015,사원,법무,No,168,37,5,40431772
5556,임감현,남,27,18,2015,주임,인사,No,188,28,14,86145417
642,주경아,여,49,32,2013,사원,총무,No,120,52,13,42702189
2390,윤경복,남,42,21,2012,대리,기획,No,224,66,1,98826841
3028,조기태,남,39,22,2014,주임,마켓팅,No,67,34,7,95127987
4920,윤다호,남,46,27,2011,주임,재무,No,13,60,11,87604481
1483,강경규,남,41,20,2011,대리,개발,No,67,57,11,109685557
4378,장기수,남,33,15,2011,주임,법무,Yes,237,49,11,85430278
4760,순기범,남,27,7,2016,사원,인사,No,79,44,1,60857570
4175,최강백,남,37,20,2016,사원,총무,No,81,56,8,55145417
5521,최강길,남,30,13,2014,주임,영업,No,93,20,17,82493924
1637,최가주,여,46,28,2015,사원,영업,No,134,51,9,53290835
1055,한가설,여,29,18,2015,인턴,기획,No,168,59,0,29001494
61,주경백,남,33,14,2011,인턴,마켓팅,No,222,48,8,28410278
4492,정가선,여,31,14,2012,인턴,재무,No,29,35,8,30109063
1500,강강수,남,42,33,2011,전무,개발,No,28,49,9,163777189
1620,최강주,여,38,23,2011,대리,법무,No,60,40,5,98035557
1579,하경혜,여,41,21,2011,인턴,영업,No,157,44,4,37371911
912,한국만,남,33,14,2012,주임,인사,No,39,48,3,81192778
144,장가복,남,30,11,2013,인턴,총무,No,154,36,25,17643924
4411,강국태,남,31,13,2011,사원,기획,No,121,62,9,66522709
2066,하군길,남,43,26,2011,주임,마켓팅,No,231,38,17,92893126
4475,최건모,남,47,26,2015,사원,재무,No,192,43,8,62433265
5524,하규로,남,31,13,2014,주임,개발,No,37,46,6,83922709
3148,윤단엽,남,42,22,2014,대리,법무,No,8,45,11,112414341
3497,하건모,남,40,21,2015,인턴,인사,No,179,36,14,28556772
1362,한남익,남,34,14,2011,사원,총무,No,75,50,21,70749063
5719,정규태,남,28,11,2016,주임,영업,No,70,30,6,77286354
2464,조규광,남,45,22,2014,주임,기획,Yes,228,40,14,77575696
4196,강경륜,남,43,30,2015,상무,마켓팅,No,74,61,9,159005974
821,양강혜,여,29,9,2012,사원,영업,No,129,81,4,42151494
2540,하경채,여,39,22,2013,사원,재무,No,213,48,7,53414341
4412,윤강수,남,38,21,2012,사원,개발,No,455,42,19,62736702
1928,최건표,남,42,27,2011,대리,개발,No,490,65,19,104177189
4858,정군모,남,34,14,2012,주임,법무,No,28,57,9,96959063
4072,임귀선,여,34,20,2015,사원,인사,Yes,217,71,11,61145417
4166,정강숙,여,35,20,2016,인턴,총무,No,346,37,8,34574202
1190,주경옥,여,34,14,2014,인턴,기획,No,150,42,12,14445417
3790,한강숙,여,36,20,2015,대리,마켓팅,No,32,49,4,99002987
2192,류규탁,남,40,23,2012,사원,재무,No,59,45,21,50606772
2347,주경백,남,41,19,2012,대리,개발,No,46,68,6,108060557
5344,주규광,남,43,21,2014,대리,법무,No,28,42,15,100843126
894,정건우,남,33,16,2012,사원,인사,No,130,44,15,70892778
3956,수감현,남,41,21,2015,대리,총무,No,99,52,11,108860557
811,강국길,남,33,20,2012,차장,기획,No,226,47,12,133068126
3723,강강길,남,37,17,2015,사원,영업,No,188,26,19,48145417
998,전공민,남,31,23,2010,주임,마켓팅,No,13,41,9,77054307
212,하규경,남,30,9,2016,사원,재무,No,186,33,23,40143924
3721,윤경표,남,41,23,2015,사원,개발,No,173,40,12,66710557
89,정규광,남,37,30,2015,부장,영업,No,145,40,11,140508265
2516,윤경수,남,41,21,2013,주임,법무,No,171,41,8,93985557
687,한규경,남,34,27,2012,사원,인사,No,153,35,24,65171911
5662,조강만,남,52,33,2014,과장,총무,Yes,195,57,8,121577189
562,윤기복,남,41,22,2011,주임,기획,No,62,47,13,85225557
1185,조규광,남,28,9,2016,인턴,마켓팅,No,464,18,23,32286354
206,강경욱,남,28,8,2016,인턴,재무,No,172,33,16,7286354
2932,조국길,남,46,29,2012,사원,개발,No,153,42,18,74179481
1886,장경표,남,44,21,2011,과장,법무,No,28,48,13,117946911
1640,조교묵,남,41,21,2011,차장,영업,No,73,30,9,130330557
2285,정기동,남,42,26,2012,사원,인사,No,76,55,16,53464341
1255,강규리,여,33,17,2010,사원,총무,No,20,57,5,64246633
345,임규민,남,37,19,2011,과장,기획,No,125,31,22,125489167
4651,임고음,여,30,15,2013,주임,마켓팅,No,17,56,11,80130278
5561,강군모,남,41,20,2016,사원,영업,No,253,31,20,67860557
1473,강규강,남,43,21,2011,사원,재무,No,256,46,15,72618126
4375,장경모,남,34,19,2011,주임,개발,No,171,47,4,81127813
2369,최경율,남,36,20,2016,사원,개발,No,60,33,27,68716633
4124,조규경,남,32,14,2015,사원,법무,No,204,29,14,55001494
3218,강기륭,남,40,21,2014,사원,인사,No,100,29,13,41556772
1642,정규백,남,42,24,2011,부장,총무,No,179,49,13,141489341
3753,정경복,남,39,31,2015,대리,기획,No,256,32,9,104415835
3650,조규로,남,40,23,2015,대리,마켓팅,No,56,43,13,112431772
5170,강근영,여,35,18,2010,대리,재무,Yes,140,51,11,105974202
2901,주근영,여,36,24,2014,사원,개발,No,211,50,6,46127987
1979,임경태,남,32,24,2016,사원,법무,No,43,40,11,55289341
1757,정국만,남,42,26,2011,사원,인사,Yes,175,41,14,75564341
3678,조규강,남,37,16,2015,사원,총무,No,13,51,10,73145417
2151,조기룡,남,44,23,2011,사원,기획,No,153,46,7,52665661
1052,하국도,남,29,8,2015,주임,마켓팅,No,64,25,6,91715139
4494,임고음,여,29,13,2012,사원,재무,No,65,63,12,72445244
4840,주감현,남,33,15,2012,대리,개발,No,188,48,7,101530278
2872,정건모,남,41,32,2015,주임,법무,No,81,45,12,96148404
4164,이경임,여,34,19,2016,주임,영업,No,13,41,14,78145417
4621,조경수,남,30,8,2013,사원,인사,No,171,54,14,48243924
4643,정강정,여,43,24,2011,대리,총무,No,21,62,1,105616981
5492,주경윤,여,28,10,2014,사원,기획,No,25,56,6,70872709
914,조남헌,남,41,24,2016,사원,마켓팅,No,27,55,16,75860557
3029,하건우,남,38,27,2014,주임,재무,No,8,34,13,93987050
865,한규강,남,30,9,2012,주임,개발,No,329,78,13,92056424
2755,최기룡,남,40,32,2013,대리,법무,No,400,68,8,104844620
498,장경륜,남,35,14,2011,주임,인사,No,13,34,16,91337848
3532,최기수,남,45,26,2016,사원,총무,No,52,52,16,66575696
1146,장강윤,여,45,27,2011,대리,기획,No,2,76,10,113062050
5684,주규건,남,44,25,2011,주임,영업,No,157,40,18,84361911
881,주건표,남,33,16,2012,사원,마켓팅,No,159,40,17,71399028
294,주기륭,남,36,17,2010,인턴,재무,Yes,301,53,14,38681633
4933,조건표,남,31,12,2015,사원,개발,No,154,24,16,40472709
2624,류교묵,남,39,19,2013,인턴,법무,No,188,43,14,36127987
1715,이가인,여,46,28,2011,주임,인사,No,90,56,2,84828335
230,조강윤,여,32,11,2010,인턴,총무,No,320,58,10,28137848
1968,주낙관,남,43,25,2011,대리,영업,Yes,266,51,11,106993126
5178,주경태,남,28,9,2016,사원,기획,No,60,44,23,72286354
4708,전권희,여,37,20,2013,대리,마켓팅,No,84,63,8,105481772
2889,여강주,여,36,17,2014,사원,재무,No,45,46,4,58127987
936,장규범,남,31,12,2012,사원,개발,No,188,47,12,52922709
923,윤근희,여,44,27,2013,대리,영업,No,121,61,3,115558265
550,이군길,남,32,12,2011,사원,법무,No,89,52,13,67463994
4689,전기동,남,29,11,2014,인턴,인사,No,188,45,17,12615139
776,조군길,남,30,10,2012,사원,총무,No,260,45,12,61193924
1743,임규건,남,41,22,2011,대리,영업,No,121,53,10,110379307
3233,장규경,남,39,17,2014,주임,기획,No,221,50,12,94077987
1123,조경모,남,30,10,2016,사원,마켓팅,No,64,41,12,65143924
439,강강수,남,34,13,2011,주임,재무,No,244,33,12,81304063
1648,장규로,남,43,24,2011,주임,개발,No,158,62,11,88318126
495,김가실,여,39,35,2012,과장,법무,No,128,57,5,128777189
2938,정경도,남,45,25,2015,주임,인사,No,194,43,0,79575696
3884,조가은,여,38,20,2015,사원,총무,No,154,46,3,67985557
3439,강대건,남,40,19,2015,사원,기획,No,188,35,14,62431772
1517,강경율,남,45,25,2011,대리,마켓팅,No,89,33,14,105775696
1392,하다호,남,33,12,2011,사원,재무,No,13,48,16,69830278
558,임규강,남,34,17,2011,대리,개발,No,45,63,6,100734063
4542,전기문,남,32,13,2012,사원,법무,No,344,25,14,51013994
1565,전경태,남,53,35,2014,사원,인사,No,157,47,9,75130974
5266,윤감현,남,33,15,2011,사원,개발,No,243,35,6,73592778
4866,박건표,남,45,23,2014,주임,총무,Yes,198,66,5,90700696
3163,김기천,남,39,17,2014,사원,기획,No,231,47,22,70127987
788,이규민,남,30,19,2012,대리,마켓팅,No,129,57,9,108463022
1847,장경무,남,39,21,2011,대리,재무,No,156,60,12,107177987
2875,윤기범,남,33,11,2010,대리,개발,Yes,305,69,0,113755278
5151,윤경채,여,27,12,2015,사원,영업,No,166,44,0,46143924
3139,최경규,남,41,20,2011,사원,영업,No,197,37,26,70035557
997,최남헌,남,31,9,2013,사원,법무,Yes,158,58,4,74372709
5293,강규범,남,44,22,2011,차장,인사,No,23,32,0,134321911
3741,윤가연,여,35,17,2015,사원,영업,No,56,52,13,52574202
954,한경수,남,33,15,2012,주임,총무,No,118,74,15,96042778
4893,최국도,남,29,12,2013,사원,기획,No,196,36,14,47365139
5663,정경규,남,27,5,2016,인턴,마켓팅,No,241,33,17,30857570
524,하기천,남,32,13,2011,사원,영업,Yes,241,51,26,61401494
878,최규건,남,31,11,2012,사원,재무,No,279,39,5,72735209
5420,최경모,남,46,28,2015,사원,개발,No,109,37,24,46004481
2152,장기담,남,46,24,2011,과장,영업,No,342,66,17,117204481
3919,임규로,남,42,25,2014,사원,법무,No,232,54,10,64889341
5192,강강정,여,31,16,2010,사원,인사,Yes,266,94,8,43059063
3345,장기남,남,39,19,2014,주임,총무,No,116,34,24,85127987
384,정규임,여,29,12,2011,사원,기획,No,25,70,3,75032744
790,이건우,남,35,13,2012,부장,마켓팅,No,136,35,7,138206598
4615,조국만,남,30,14,2013,인턴,재무,No,97,35,6,27243924
3263,조기택,남,47,28,2014,대리,영업,No,56,53,12,106558265
628,조경표,남,33,12,2012,주임,개발,No,122,39,27,96267778
4005,최기문,남,44,21,2012,사원,법무,No,155,49,19,71321911
1161,조강만,남,36,18,2015,차장,개발,No,71,43,9,131716633
4660,하경표,남,29,9,2013,주임,인사,No,95,55,13,81640139
2139,전기륭,남,42,22,2011,사원,총무,No,153,36,6,71826841
554,윤기범,남,33,12,2011,사원,기획,No,153,31,14,58349028
579,장기룡,남,36,14,2011,대리,마켓팅,No,149,71,17,103186633
1192,박기수,남,26,8,2016,인턴,재무,No,162,45,8,29428785
5079,주기문,남,31,13,2013,사원,개발,No,153,36,24,65222709
2035,조경륜,남,45,29,2011,주임,영업,No,69,63,6,90775696
537,윤경수,남,30,11,2011,대리,법무,No,410,67,5,114838924
1724,주국태,남,42,24,2011,대리,인사,No,38,41,16,112464341
4480,윤가윤,여,31,14,2012,주임,총무,Yes,170,41,11,92609063
1802,주기남,남,43,21,2011,사원,기획,No,377,37,13,73349376
3646,주규만,남,37,18,2010,주임,영업,Yes,330,51,10,81345417
5708,하경무,남,38,18,2016,사원,마켓팅,No,317,50,6,46574202
4608,하귀연,여,47,29,2011,대리,영업,No,49,50,11,101238370
4314,장가온,여,35,20,2010,주임,재무,No,73,70,4,97261702
1159,여가선,여,26,9,2016,인턴,개발,No,210,38,4,21715139
4449,임경아,여,44,22,2012,주임,법무,No,56,49,3,82270765
5613,윤강태,남,47,26,2014,사원,인사,No,177,59,14,69558265
4824,정기수,남,35,26,2016,대리,영업,No,261,45,12,114575696
4179,최경수,남,38,18,2016,대리,총무,No,112,35,9,101574202
465,강기문,남,45,25,2015,인턴,기획,No,237,48,10,34575696
4568,임규민,남,34,14,2012,부장,마켓팅,No,74,53,10,141871563
5329,정경모,남,33,15,2010,대리,재무,No,19,57,7,111210278
517,강고운,여,36,17,2011,사원,개발,Yes,358,48,7,49452987
1725,장기문,남,40,25,2011,사원,영업,No,13,53,8,54031772
752,조근희,여,45,29,2014,사원,법무,No,137,51,7,55762050
3576,윤경숙,여,37,21,2015,사원,인사,No,53,37,12,51556772
1368,이강민,남,45,20,2015,사원,총무,No,63,36,16,44575696
5053,임가덕,남,23,3,2013,인턴,기획,No,102,40,11,17792430
4444,윤강태,남,34,15,2012,과장,마켓팅,No,113,39,12,127171563
1664,이경수,남,42,22,2011,주임,재무,No,153,61,18,91526841
4811,여경복,남,32,15,2011,사원,개발,No,163,42,14,72726494
5148,박군길,남,28,8,2015,사원,법무,No,82,35,11,75286354
3102,한경수,남,38,18,2014,주임,인사,No,233,83,15,96699202
2131,조경복,남,45,26,2011,대리,총무,No,110,73,5,116060696
4090,정기륭,남,36,17,2016,사원,기획,No,204,42,24,43716633
1534,하공명,남,43,23,2011,주임,마켓팅,No,153,38,20,94080626
5130,임경미,여,29,11,2014,주임,재무,No,25,44,0,84251494
1359,조강길,남,33,14,2011,사원,영업,Yes,226,36,18,69430278
446,박강미,여,32,16,2011,사원,개발,No,120,52,9,69637848
993,임경욱,남,36,13,2016,사원,법무,No,54,36,18,48716633
4605,장기복,남,30,9,2013,사원,인사,No,158,53,14,74518924
1526,여국만,남,48,27,2011,차장,영업,Yes,242,50,3,134137050
4113,이경복,남,41,31,2016,대리,총무,No,200,24,15,98148404
5496,한교묵,남,30,24,2014,대리,기획,No,28,36,13,115231772
1001,이경륜,남,37,19,2013,사원,마켓팅,No,254,71,5,68982917
2227,임경아,여,44,30,2012,주임,재무,No,56,51,3,82270765
2904,장규만,남,37,20,2014,주임,영업,Yes,251,61,11,85145417
182,한건도,남,29,6,2014,인턴,개발,No,153,32,30,38515139
1719,박규광,남,45,25,2011,주임,개발,Yes,363,48,20,92575696
5314,이경윤,여,33,16,2010,사원,법무,Yes,176,83,3,64716633
236,장경모,남,36,18,2010,사원,영업,No,293,52,11,66279133
4394,한규광,남,35,13,2011,인턴,인사,No,184,57,7,32944098
693,강규로,남,30,10,2012,주임,총무,No,113,82,5,91456424
4413,최경표,남,32,14,2011,사원,영업,No,138,45,12,42201494
717,이규경,남,33,13,2012,대리,기획,No,315,66,18,111099028
2599,윤권희,여,37,22,2013,사원,마켓팅,No,13,76,3,60556772
3527,한경태,남,50,25,2015,주임,재무,No,236,20,29,81719620
2143,강기룡,남,46,26,2011,주임,개발,No,176,45,20,92729481
5160,임고운,여,27,15,2015,주임,법무,No,12,43,6,88431772
5551,정건표,남,28,9,2015,사원,인사,No,76,30,3,75286354
837,김강모,남,30,9,2012,대리,총무,Yes,287,40,11,106356424
1129,정규강,남,28,6,2016,사원,기획,No,52,51,19,72286354
3353,전군길,남,40,19,2014,사원,마켓팅,No,264,54,13,59556772
952,장가은,여,27,24,2012,주임,재무,No,120,52,0,82631772
479,박권희,여,32,18,2011,주임,개발,No,71,44,10,79900348
41,하남도,남,34,16,2011,차장,법무,No,13,41,17,134586603
1478,류강숙,여,41,24,2011,사원,인사,No,120,44,14,62384411
1110,윤기민,남,35,15,2012,주임,총무,Yes,233,66,5,82287848
1594,조국만,남,48,30,2014,사원,기획,No,171,72,10,54712050
3954,윤강혜,여,48,33,2015,주임,영업,No,169,81,2,97273404
72,하경란,여,37,24,2012,주임,마켓팅,Yes,241,36,13,90631772
127,김경태,남,33,13,2012,사원,재무,No,99,40,11,40292778
3382,조대로,남,36,14,2011,주임,개발,No,98,50,15,93126633
4627,조경숙,여,29,13,2013,주임,법무,No,39,51,0,92851494
1099,윤규건,남,30,9,2016,인턴,인사,No,201,39,20,35143924
1807,강경택,남,43,23,2011,대리,총무,No,28,23,20,113236876
5172,장가연,여,26,18,2016,사원,기획,No,153,34,8,74002987
1060,임가설,여,29,22,2015,대리,마켓팅,No,70,56,10,116289341
2849,강남연,남,39,18,2014,주임,재무,No,90,63,4,95127987
514,임경수,남,36,19,2011,과장,개발,No,154,48,13,117879133
2292,강규만,남,41,20,2012,사원,법무,No,506,44,7,67460557
1160,윤규경,남,28,20,2016,대리,인사,No,225,71,4,104574202
3033,하규범,남,39,23,2014,인턴,총무,No,328,37,23,30127987
4268,류강백,남,34,14,2010,과장,기획,No,157,37,7,123677813
3743,박기영,남,41,21,2015,인턴,마켓팅,No,216,35,11,29985557
2581,최경빈,여,45,29,2012,사원,재무,No,165,51,2,65037050
1816,하가주,여,46,32,2013,주임,영업,Yes,151,52,13,93290835
5526,박경수,남,26,5,2015,사원,개발,No,76,27,8,42428785
1115,장강백,남,26,7,2016,인턴,법무,No,184,38,13,29428785
2504,조건섭,남,40,32,2013,대리,인사,No,315,54,3,114957120
3031,주군모,남,38,21,2014,인턴,총무,No,242,42,21,28924202
3640,여가선,여,35,22,2015,인턴,기획,No,199,36,14,37574202
298,최기백,남,38,18,2010,대리,마켓팅,Yes,173,42,8,102774202
3046,정건표,남,43,31,2015,대리,재무,No,99,34,26,104005974
541,주기남,남,35,18,2011,사원,영업,No,58,48,18,66450348
2485,강경륜,남,39,18,2013,대리,개발,No,124,49,16,101127987
4884,윤기민,남,34,12,2012,주임,법무,Yes,233,80,10,80859063
3733,조기태,남,37,30,2015,차장,개발,No,67,30,17,130433265
4102,정규경,남,35,13,2016,사원,인사,No,199,35,14,42287848
160,김규화,여,31,16,2013,사원,총무,No,13,49,6,41359063
1114,최기담,남,32,13,2016,사원,기획,No,96,32,27,53001494
3762,하강규,남,38,19,2015,사원,마켓팅,No,332,37,24,49574202
3025,윤고운,여,31,14,2012,주임,재무,No,5,46,11,89084063
2929,박강린,여,37,22,2014,인턴,개발,No,167,53,9,19556772
512,전강수,남,30,12,2011,이사,영업,No,33,68,7,144606424
304,조경주,여,36,28,2011,대리,영업,Yes,185,44,1,101440835
3913,장경모,남,45,25,2015,사원,법무,No,218,37,11,59575696
2598,한규강,남,37,19,2012,사원,인사,No,8,29,5,66082917
2675,정교묵,남,45,25,2013,과장,총무,No,58,59,12,124700696
5052,조국태,남,33,22,2012,사원,기획,No,65,50,13,71118126
3786,장가실,여,36,31,2015,사원,마켓팅,No,211,30,5,46290835
4713,김국영,여,30,13,2014,인턴,영업,No,256,35,9,10192778
5487,박기민,남,31,12,2014,사원,영업,No,188,40,13,72872709
697,정경진,여,31,12,2012,주임,재무,No,26,60,9,86184063
3338,조가람,여,38,22,2014,사원,개발,No,8,52,7,58985557
5584,최경복,남,37,19,2010,사원,법무,Yes,364,61,3,65145417
1322,최규광,남,33,14,2011,사원,인사,No,55,65,6,73780278
4131,박규건,남,47,28,2012,주임,총무,No,159,38,15,94183265
266,주가진,여,43,24,2011,사원,영업,No,144,58,11,65179481
5592,한경연,여,35,31,2015,사원,기획,No,179,37,14,44862050
85,정경복,남,31,12,2011,사원,마켓팅,No,225,48,11,50312709
715,윤가숙,여,30,16,2012,사원,재무,No,385,51,9,53780278
2558,주강백,남,41,23,2013,주임,개발,No,13,48,12,94885557
754,강공명,남,35,16,2012,대리,법무,No,50,43,17,98600348
665,정경아,여,30,14,2012,주임,인사,No,117,53,2,83580278
3710,윤국도,남,51,32,2015,대리,총무,No,48,36,4,113148404
4622,하건표,남,36,14,2012,대리,기획,No,295,43,11,100554133
5515,정가인,여,29,11,2014,주임,마켓팅,No,68,76,7,93351494
1837,한경아,여,37,20,2013,주임,재무,No,2,68,7,90781772
4921,조군모,남,32,22,2014,주임,개발,No,85,42,20,93314341
772,윤강수,남,30,13,2012,대리,법무,No,234,41,15,106306424
1479,조건섭,남,41,21,2011,사원,영업,No,132,26,17,55035557
4504,조경무,남,39,19,2012,사원,영업,No,163,39,4,64002987
5566,정경도,남,30,10,2015,주임,인사,No,146,75,5,78143924
4291,임강수,남,39,30,2011,부장,총무,No,191,65,11,139580835
4361,박강린,여,48,32,2015,사원,기획,No,120,54,9,56148404
2620,정규건,남,33,16,2010,대리,마켓팅,Yes,280,44,12,102330278
18,정경모,남,31,10,2011,과장,재무,No,183,61,12,123400546
2887,하경륜,남,34,14,2012,주임,개발,No,160,55,20,91209063
4930,이기민,남,29,9,2015,사원,법무,No,55,32,23,47615139
152,임교묵,남,32,12,2013,주임,인사,No,52,47,21,91101494
5632,정규탁,남,28,7,2015,사원,총무,No,194,31,4,65286354
1592,여경주,여,39,24,2011,인턴,기획,No,154,59,6,34464341
3523,윤규만,남,38,16,2015,차장,마켓팅,No,109,51,17,134574202
1307,정경무,남,36,16,2010,사원,재무,No,345,37,24,65616633
652,장길성,남,35,16,2012,인턴,영업,No,166,51,5,33337848
2106,정교묵,남,47,25,2011,주임,개발,No,173,44,11,78608265
5559,윤국만,남,29,16,2015,사원,법무,No,22,28,18,54002987
2267,정남연,남,47,28,2012,주임,인사,No,120,41,15,88952015
4008,최규로,남,40,19,2012,주임,총무,No,114,50,10,78625522
5629,정경택,남,27,8,2015,인턴,기획,No,209,37,27,33857570
5296,최가숙,여,31,14,2010,사원,마켓팅,No,276,59,5,71179063
2140,강경규,남,41,21,2011,대리,재무,No,67,54,9,109685557
4507,한규로,남,33,13,2012,대리,개발,No,28,47,11,110142778
1174,하국도,남,26,9,2016,사원,법무,No,90,35,6,44428785
4916,장가설,여,26,10,2014,사원,인사,No,120,35,7,43615139
76,최건섭,남,36,20,2016,사원,총무,No,479,72,16,43716633
3724,임경주,여,36,20,2015,사원,기획,No,182,29,16,54002987
3400,김경수,남,52,31,2012,대리,마켓팅,No,133,56,9,101327189
1812,조가선,여,40,22,2011,사원,재무,No,153,44,9,61318126
3280,최대관,남,42,20,2014,인턴,개발,No,230,37,7,34414341
3164,한경모,남,51,34,2011,이사,법무,No,79,61,11,144779654
1189,조경모,남,26,4,2016,인턴,인사,No,203,44,21,29428785
2922,강건모,남,39,19,2014,주임,총무,No,147,66,17,95127987
1108,한규만,남,29,11,2016,사원,기획,No,56,33,7,63715139
4571,임규만,남,29,21,2012,주임,마켓팅,No,34,47,9,96527987
433,최경택,남,50,30,2015,대리,재무,No,95,43,7,97844620
3833,한건우,남,37,15,2015,사원,개발,No,31,46,15,73145417
4995,조건섭,남,33,13,2010,과장,개발,Yes,375,83,16,129280278
757,한건섭,남,31,13,2012,사원,영업,Yes,377,34,1,70997709
350,한경륜,남,33,13,2011,인턴,법무,No,173,57,15,34485278
364,윤강백,남,44,25,2011,사원,인사,No,584,36,11,75434411
1195,임고운,여,24,9,2016,사원,총무,No,35,54,2,58857570
509,윤기복,남,38,19,2016,주임,기획,No,200,64,16,86574202
3720,최규화,여,36,18,2015,사원,마켓팅,No,187,43,4,59002987
646,박권희,여,37,23,2011,주임,재무,No,71,51,9,87044272
4779,정남훈,남,26,7,2016,사원,영업,No,176,50,7,69428785
2940,한경무,남,39,20,2014,대리,개발,No,80,73,4,114077987
2494,장규강,남,51,32,2011,과장,법무,No,153,39,15,128973404
4569,조가은,여,34,31,2012,부장,인사,No,39,88,9,136970765
4182,강경모,남,39,22,2016,사원,총무,No,59,41,8,58002987
1591,한경백,남,45,27,2014,주임,기획,No,165,35,16,78700696
2210,정건우,남,42,24,2012,사원,마켓팅,Yes,241,67,8,65289341
5466,여군길,남,32,13,2014,사원,재무,No,86,36,7,59301494
1256,장경택,남,33,15,2010,사원,개발,Yes,187,42,21,46430278
2008,정건우,남,50,28,2012,대리,법무,No,175,67,9,110319620
1068,주공민,남,33,15,2015,사원,인사,No,43,57,7,57430278
1127,윤규범,남,29,10,2016,인턴,총무,No,179,50,19,8715139
5703,조경수,남,25,4,2016,주임,기획,No,92,41,22,83000000
5295,윤기민,남,33,15,2010,주임,마켓팅,No,75,63,4,77050278
4942,장강주,여,27,8,2015,사원,재무,No,20,52,10,57043924
5740,임강만,남,28,12,2016,주임,개발,No,109,22,22,92286354
3551,박국길,남,43,25,2011,사원,법무,Yes,188,63,21,70993126
4039,강국만,남,48,31,2015,주임,인사,No,17,31,14,89987050
3984,한강수,남,37,16,2015,인턴,영업,No,191,37,19,23145417
1792,윤강민,남,42,31,2011,상무,개발,No,90,45,11,158477189
3265,정건도,남,40,23,2011,사원,총무,Yes,584,38,14,66231772
1811,이경모,남,30,8,2011,사원,기획,No,170,49,13,54993924
4069,윤경순,여,38,25,2015,주임,마켓팅,No,5,56,10,82985557
1708,주규로,남,41,22,2014,사원,재무,No,8,37,19,64260557
2886,임규리,여,38,23,2014,주임,개발,No,34,83,7,85985557
4151,강경율,남,37,15,2016,사원,법무,No,62,35,12,50145417
2939,윤건우,남,40,19,2014,사원,인사,Yes,240,46,10,57431772
4707,장국영,여,27,13,2014,사원,총무,No,33,49,13,66668924
3531,시건모,남,39,31,2015,주임,기획,No,258,22,24,83290835
4064,임경미,여,36,22,2015,사원,마켓팅,No,33,48,5,54002987
2056,조군모,남,41,31,2011,대리,재무,Yes,630,72,4,99348404
4345,조국만,남,32,11,2012,사원,개발,No,86,44,24,43845244
1578,강경율,남,34,11,2013,사원,법무,No,263,37,14,69359063
4832,여가덕,남,32,12,2012,사원,인사,Yes,197,24,15,47576494
5499,이기천,남,32,11,2014,사원,총무,No,182,50,22,59301494
1046,최규광,남,29,11,2015,사원,기획,No,89,28,9,66715139
5403,주강길,남,29,18,2013,주임,마켓팅,No,162,64,19,79877987
422,윤규강,남,33,13,2011,대리,재무,No,8,40,14,103742778
1134,이경태,남,29,6,2016,인턴,개발,No,159,43,19,33715139
4804,정경아,여,29,14,2011,주임,법무,Yes,346,66,5,83513994
3955,강강미,여,42,28,2015,인턴,인사,No,120,36,13,23700696
5239,강교묵,남,28,8,2016,인턴,총무,No,196,22,24,37286354
3826,장규만,남,53,33,2014,대리,기획,No,40,25,6,105130974
5509,하남헌,남,39,20,2012,차장,마켓팅,No,126,68,2,134465487
3874,임기룡,남,43,23,2015,사원,재무,No,47,54,14,66718126
1932,정경윤,여,38,23,2011,과장,개발,No,71,61,3,118035557
927,조가영,여,28,14,2012,사원,법무,No,120,53,13,40885209
714,임강만,남,31,14,2012,사원,인사,No,153,43,24,68122709
5350,윤강규,남,34,16,2010,대리,영업,Yes,252,50,13,109434063
5154,전기문,남,38,14,2012,사원,총무,No,373,29,14,59586702
1933,정국만,남,46,28,2011,사원,기획,No,13,53,23,65204481
4483,하강숙,여,31,12,2012,주임,마켓팅,No,31,37,10,85321563
4306,윤기남,남,33,11,2010,사원,재무,Yes,400,35,14,48430278
2545,장국도,남,41,21,2013,과장,개발,No,68,43,22,118985557
1557,강남도,남,42,24,2011,사원,법무,No,248,51,5,71464341
1487,강경옥,여,40,26,2011,사원,인사,No,204,49,7,75893126
1495,주건섭,여,52,36,2011,사원,총무,No,120,47,10,53063544
1492,윤경모,남,43,24,2011,주임,영업,No,298,36,5,92936876
3629,한가인,여,36,21,2015,사원,영업,No,2,31,16,44002987
5075,윤경윤,여,30,12,2013,사원,영업,No,144,41,1,60480278
1961,강경미,여,32,26,2012,사원,영업,No,97,41,4,64125696
3318,조건표,남,39,23,2014,주임,기획,No,28,47,3,95127987
921,윤가선,여,45,43,2013,주임,마켓팅,No,36,58,7,79274898
5393,하국길,남,32,15,2013,사원,영업,No,305,26,16,50826494
247,임강필,남,45,25,2013,과장,재무,No,118,42,11,124700696
2288,정경미,여,43,26,2012,대리,영업,No,57,65,6,103054481
5742,조경규,남,27,5,2016,인턴,개발,No,105,33,25,35857570
5594,정경규,남,30,11,2015,주임,법무,Yes,209,37,5,85143924
3680,이강수,남,37,19,2012,사원,인사,No,222,36,12,76232917
5083,이강혜,여,47,32,2011,주임,총무,No,33,63,11,85894620
5574,임가혜,여,27,13,2015,사원,기획,No,70,61,2,66143924
937,최국도,남,32,10,2012,인턴,마켓팅,No,174,57,5,29826494
908,최경혜,여,29,13,2012,사원,영업,No,120,53,3,43426494
1282,정규빈,남,34,14,2010,대리,개발,No,153,48,9,113609063
379,정경륜,남,33,15,2011,사원,재무,No,242,83,10,59005278
444,강가선,여,31,14,2014,주임,개발,No,5,53,11,76884063
4883,박금희,여,29,12,2012,주임,법무,No,150,78,8,83101494
5308,강강린,여,35,18,2010,사원,인사,No,218,59,6,57404202
470,정경태,남,31,9,2011,주임,총무,No,177,65,9,95862709
5502,강남인,남,28,5,2014,사원,기획,No,75,34,14,53586354
66,정규탁,남,33,13,2011,대리,마켓팅,No,26,22,26,97690278
1645,정강주,여,38,18,2011,사원,재무,No,239,44,14,58035557
2451,조경무,남,32,23,2013,주임,개발,No,83,33,12,93714341
5571,류규건,남,29,6,2015,사원,법무,No,151,39,11,76715139
1806,최기천,남,41,24,2011,사원,인사,No,195,38,14,45060557
5714,윤공민,남,45,26,2014,사원,총무,No,467,38,14,63700696
3299,윤규건,남,41,17,2012,사원,기획,No,153,40,24,42460557
5145,조강미,여,52,35,2016,대리,마켓팅,No,38,26,14,98863544
2585,주경아,여,37,20,2013,인턴,재무,No,120,56,12,25556772
4316,강강옥,여,30,13,2011,사원,영업,No,243,60,0,66255278
3905,정규만,남,37,19,2015,사원,개발,No,57,46,6,58145417
4807,임국도,남,35,14,2011,사원,법무,No,186,55,1,59312848
2822,정내형,남,40,24,2014,사원,인사,No,200,40,4,69556772
2974,한경복,남,38,21,2014,주임,총무,No,29,28,23,83699202
2551,장경수,남,41,23,2013,사원,기획,No,270,41,21,64623057
555,윤경수,남,35,13,2011,사원,영업,No,223,58,8,46900348
1920,윤가실,여,40,35,2011,대리,마켓팅,No,194,36,11,108205974
3885,박국만,남,37,15,2015,대리,재무,No,83,29,3,108145417
2667,조경율,남,41,34,2013,주임,개발,No,190,52,12,96323404
4265,박경표,남,35,16,2010,차장,법무,Yes,281,41,22,130287848
2629,장기백,남,39,32,2013,사원,인사,No,338,58,10,69053335
2297,이규강,남,47,29,2014,주임,총무,Yes,161,35,12,89433265
497,조경수,남,37,16,2011,주임,기획,No,33,53,7,94120417
1379,조남호,남,33,14,2012,사원,마켓팅,No,177,47,11,71255278
3729,박경무,남,37,18,2015,사원,재무,No,190,61,13,48145417
4203,강규영,여,32,13,2012,주임,개발,No,101,72,7,77350348
5469,주규로,남,32,12,2014,사원,법무,No,8,37,19,51401494
2583,류국영,여,38,24,2013,사원,인사,No,20,45,4,61985557
1819,주기민,남,41,23,2011,대리,총무,No,156,48,18,100035557
2669,정건표,남,40,21,2013,주임,기획,No,300,37,23,77556772
5497,최경연,여,47,31,2012,사원,영업,Yes,335,35,4,42894620
1513,장경태,남,40,19,2011,사원,개발,No,190,52,8,68606772
3550,정경욱,남,45,25,2015,대리,마켓팅,No,56,49,12,110700696
5712,강군길,남,26,7,2016,인턴,재무,No,34,30,13,14428785
54,하기남,남,32,23,2011,주임,개발,No,44,40,11,94549341
217,김남도,남,39,24,2010,주임,개발,Yes,158,61,22,77952987
4474,윤남현,남,31,12,2012,인턴,법무,No,204,48,12,28072709
1739,하기복,남,44,26,2011,사원,인사,Yes,373,53,18,68971911
1747,강공민,남,43,25,2011,주임,총무,No,209,51,17,87655626
3401,정가경,여,37,29,2015,과장,기획,No,57,51,4,127719620
2312,정건섭,남,40,19,2012,주임,마켓팅,No,13,34,1,95606772
4172,정강민,남,41,23,2016,주임,재무,No,53,27,3,80860557
1498,임강필,남,44,28,2013,과장,개발,No,118,43,11,123271911
601,장국길,남,31,12,2011,인턴,법무,No,192,37,24,31102709
158,강규강,남,32,9,2013,사원,인사,No,219,35,21,45501494
3714,정규건,남,40,27,2015,대리,총무,No,226,27,15,104719620
329,장경무,남,34,12,2010,사원,기획,No,153,50,15,63171563
4086,한강백,남,35,17,2015,주임,마켓팅,No,31,56,5,86187848
1776,최가설,여,42,28,2014,주임,재무,No,103,51,9,91925696
391,정가은,여,32,17,2012,인턴,개발,Yes,147,66,8,22487848
2554,윤경옥,여,33,14,2011,주임,법무,No,30,73,6,91246633
22,최강미,여,51,34,2011,차장,인사,No,196,73,1,136697559
3074,최기복,남,41,31,2014,차장,총무,No,58,51,9,133273404
2428,강경륜,남,46,36,2015,전무,기획,No,74,55,7,163292328
2484,임경욱,남,38,18,2010,사원,마켓팅,No,214,32,25,68789202
3459,윤경혜,여,37,21,2015,인턴,재무,No,13,41,7,25431772
4831,강경희,여,42,27,2012,사원,개발,No,184,23,10,60350696
5305,강귀연,여,31,14,2010,대리,영업,No,2,49,5,101546563
409,조규광,남,32,21,2011,사원,영업,No,204,47,11,64620591
3940,임남헌,남,38,16,2010,사원,법무,No,214,35,13,69186702
4696,류강필,남,29,7,2014,대리,인사,No,19,37,13,97465139
2392,조공명,남,43,24,2013,과장,총무,No,99,47,1,127468126
3577,최규로,남,38,21,2015,사원,영업,No,197,33,24,64574202
742,박내형,남,47,31,2011,대리,기획,No,188,52,3,108608265
2696,조규련,여,37,22,2013,사원,마켓팅,Yes,172,50,12,42431772
4085,하강린,여,35,15,2015,인턴,재무,No,140,68,2,37574202
2582,임건도,남,42,20,2013,사원,개발,No,153,74,15,41314341
419,조가인,여,47,33,2014,주임,법무,Yes,172,67,0,90719620
989,정국길,남,45,27,2015,사원,영업,No,195,32,13,59575696
4298,강남룡,남,35,16,2010,과장,인사,No,96,56,5,125125348
5376,이국만,남,45,37,2014,대리,총무,No,32,26,23,110713544
4776,윤규건,남,50,32,2012,사원,기획,No,153,38,24,55319620
2942,윤교묵,남,36,17,2016,사원,영업,No,146,25,28,73716633
1008,정건섭,남,32,13,2013,주임,마켓팅,No,8,27,27,86126494
462,이경미,여,32,20,2011,사원,재무,No,120,50,5,69367848
501,임경미,여,32,14,2011,대리,개발,No,317,69,2,109750348
1312,임규광,남,34,13,2011,대리,법무,No,157,40,13,100089063
3536,임규탁,남,40,19,2013,사원,인사,No,34,37,16,72031772
4691,윤강모,남,29,21,2014,과장,총무,No,54,55,4,127415487
5388,임경복,남,44,26,2016,인턴,기획,No,222,45,22,30146911
4996,장경란,여,41,24,2013,주임,영업,No,41,73,7,96909411
3660,장경모,남,44,27,2015,사원,마켓팅,No,218,35,9,58146911
5681,최경택,남,35,17,2011,인턴,재무,No,239,56,21,30247848
1726,조강미,여,45,28,2016,주임,개발,No,38,52,10,88862050
4728,하규태,남,28,11,2014,인턴,영업,No,357,28,13,10698854
1003,조남기,남,37,30,2011,대리,법무,No,351,42,17,97477015
2796,정길성,남,52,34,2016,사원,영업,No,167,41,24,41577189
1944,최기담,남,41,35,2011,대리,영업,No,206,64,21,103873404
178,임규빈,남,42,21,2011,주임,인사,No,45,27,15,87569341
3799,조규태,남,40,22,2015,사원,총무,No,190,55,10,73556772
2358,강군길,남,42,23,2012,대리,기획,No,231,46,17,98489341
2230,강국만,남,43,22,2012,주임,마켓팅,No,19,48,4,95236876
162,최가실,여,29,26,2013,대리,재무,No,87,41,9,108789341
5225,윤경택,남,39,29,2010,대리,영업,No,156,42,5,102765835
337,박강모,남,35,20,2010,대리,개발,No,48,42,11,104587848
4235,임경모,남,36,19,2010,사원,법무,No,378,48,23,51529133
401,정군길,남,31,16,2011,사원,인사,No,273,36,9,55742709
4284,주기영,남,36,17,2010,사원,총무,No,27,55,14,72041633
40,한기영,남,34,13,2011,과장,기획,No,191,47,11,120249956
2595,윤군길,남,41,22,2013,인턴,마켓팅,No,303,38,18,39035557
1710,윤공명,남,45,22,2011,사원,재무,No,153,44,16,51525696
3143,한기룡,남,39,23,2014,과장,개발,No,49,35,0,118127987
5440,한공민,남,30,8,2013,주임,법무,No,35,59,4,87968924
3137,한경복,남,38,20,2014,사원,인사,No,8,28,13,61699202
2870,조기복,남,39,20,2014,인턴,총무,No,153,57,17,30127987
2969,장강윤,여,35,21,2013,사원,기획,No,35,84,3,57774202
5545,윤경윤,여,33,12,2013,대리,마켓팅,No,19,44,13,100391633
1621,강강태,남,41,21,2011,사원,재무,No,265,44,6,70398057
3334,이경옥,여,39,24,2014,주임,개발,No,50,48,3,89889341
5093,윤강윤,여,29,16,2013,사원,법무,No,48,47,11,54051494
3589,주가혜,여,37,20,2013,사원,영업,No,304,46,8,65781772
2763,박건모,남,43,22,2015,사원,인사,No,206,41,25,56793126
4157,조경태,남,28,10,2016,사원,총무,No,33,16,12,62286354
3630,강남호,남,36,14,2015,인턴,기획,No,13,37,10,31716633
353,한건섭,남,35,13,2011,과장,마켓팅,No,207,45,9,121817848
2380,장기범,남,45,28,2012,대리,재무,No,28,65,15,113175696
4673,윤기선,여,30,15,2013,사원,개발,No,148,51,12,40130278
3634,정경택,남,33,17,2012,대리,법무,No,45,51,4,112442778
1959,조국만,남,44,23,2011,대리,영업,No,153,35,15,104721911
1965,임경무,남,42,22,2011,차장,인사,No,97,54,23,132239341
3947,장국도,남,32,20,2013,대리,총무,No,289,42,5,104701494
1484,주군모,남,50,27,2014,주임,기획,Yes,368,42,23,93719620
3348,하가현,여,36,32,2014,주임,마켓팅,Yes,447,53,9,78415835
5570,주경율,남,35,15,2016,사원,재무,No,191,30,28,72287848
5464,전공민,남,31,13,2014,사원,개발,No,8,66,1,47872709
2706,강건표,남,39,19,2013,주임,법무,No,188,39,20,81765487
392,하경혜,여,30,12,2011,사원,인사,No,171,38,12,46405278
1935,윤국도,남,43,24,2011,대리,총무,No,99,48,8,102893126
2283,장규건,남,45,24,2012,사원,기획,Yes,427,44,9,69850696
1194,조규희,여,25,9,2016,인턴,마켓팅,No,370,36,13,20286354
1262,박가실,여,32,15,2010,사원,재무,Yes,321,56,6,43037848
176,박규강,남,29,9,2014,사원,개발,Yes,207,46,9,40715139
2290,한강필,남,43,23,2011,주임,영업,No,8,60,8,78743126
1588,정강민,남,44,30,2011,사원,법무,No,434,83,6,74684411
2121,하규범,남,43,25,2011,차장,인사,No,38,49,11,133743126
214,장군길,남,26,4,2016,인턴,총무,No,186,42,6,29428785
5451,하가혜,여,39,19,2015,주임,기획,No,32,82,4,83289341
3921,최국태,남,38,19,2015,인턴,마켓팅,No,78,47,18,34574202
173,임가주,여,32,15,2014,사원,개발,No,53,32,11,41587848
5275,정규로,남,37,16,2015,주임,재무,No,20,34,9,96645417
492,장규만,남,40,19,2011,사원,개발,No,153,50,5,68631772
2895,임경표,남,39,21,2014,주임,영업,No,26,25,5,83127987
2681,임기륭,남,39,31,2013,주임,영업,No,212,42,20,93415835
856,윤경미,여,50,32,2015,사원,영업,No,33,67,10,69005974
1716,장규태,남,44,24,2011,대리,법무,No,156,48,17,105246911
102,장국태,남,37,15,2016,인턴,인사,No,205,42,14,20145417
1434,조기태,남,31,11,2012,사원,총무,No,80,65,23,63472709
1610,여규탁,남,41,33,2011,차장,기획,No,225,45,1,132323404
4041,조국길,남,38,19,2015,대리,마켓팅,No,48,51,19,109574202
2903,여나일,남,39,19,2014,주임,재무,No,101,50,14,95127987
3444,박경표,남,35,15,2010,주임,개발,Yes,335,67,19,82287848
2721,윤국만,남,43,35,2013,대리,법무,No,13,31,10,109993474
1675,김가윤,여,41,24,2011,주임,영업,No,215,56,11,82684411
4443,신교묵,남,33,15,2012,사원,영업,No,120,44,18,51442778
1470,강경율,남,32,12,2012,사원,인사,No,335,90,13,64463994
1858,정규탁,남,38,15,2012,주임,총무,Yes,401,48,12,76774202
3159,정강수,남,40,23,2014,사원,기획,No,40,53,21,66556772
2270,임경백,남,44,38,2012,이사,마켓팅,No,35,52,19,143953509
955,조기천,남,48,29,2014,과장,영업,No,56,33,13,117987050
140,박국길,남,43,25,2011,사원,재무,Yes,188,52,23,70993126
2110,조규로,남,42,21,2011,대리,개발,No,249,79,13,111114341
3612,강국도,남,42,22,2015,사원,법무,No,156,31,13,56414341
2086,강남룡,남,42,25,2011,사원,영업,No,325,36,10,71489341
5675,김건도,남,28,11,2016,사원,인사,No,48,43,13,62286354
4195,주군길,남,50,38,2016,사원,총무,No,192,31,15,71007468
4219,박강민,남,49,33,2013,과장,영업,Yes,238,56,0,122290835
2560,하국태,남,40,22,2013,사원,기획,No,225,32,15,62556772
1448,박경도,남,39,22,2011,주임,마켓팅,No,116,43,19,92352987
2446,장가인,여,37,22,2013,대리,영업,No,146,58,0,110556772
4083,조강민,남,37,24,2015,사원,재무,No,51,44,12,58145417
916,박경백,남,44,25,2012,주임,개발,No,309,46,20,80921911
5353,강군모,남,33,20,2015,사원,법무,No,188,51,10,74718126
1268,정기수,남,34,14,2010,사원,인사,Yes,370,48,9,68459063
226,주단용,남,32,23,2010,대리,총무,No,169,36,12,108626841
1966,조교묵,남,52,42,2011,전무,기획,No,223,53,1,168615037
124,하경륜,남,32,15,2012,주임,마켓팅,No,160,67,16,88351494
5656,정기천,남,43,23,2011,사원,영업,No,289,41,8,73630626
4155,장대기,남,39,28,2016,주임,재무,No,188,22,13,95290835
3170,주경복,남,38,26,2014,사원,개발,No,169,24,12,60987050
5473,최강옥,여,29,11,2014,인턴,영업,No,80,81,0,34401494
4994,장경규,남,36,18,2010,사원,법무,No,221,57,6,65916633
836,정국영,여,28,9,2012,사원,영업,No,167,46,0,60722709
4118,전가금,여,35,17,2016,사원,인사,No,76,61,9,74574202
3040,장경택,남,41,23,2014,주임,총무,No,227,67,7,87985557
2018,류경규,남,45,26,2011,대리,기획,No,405,72,6,106413196
2179,여국태,남,42,23,2011,사원,마켓팅,No,117,57,12,56114341
1713,장경태,남,44,26,2013,사원,재무,No,182,18,14,53271911
4368,정경무,남,33,16,2011,사원,개발,No,8,44,15,60930278
3455,한규탁,남,39,21,2015,주임,법무,No,68,43,7,91002987
3819,최강필,남,44,22,2014,주임,인사,No,75,22,21,77271911
4943,최강민,남,28,9,2015,사원,총무,No,237,41,13,57311354
1271,김경복,남,34,14,2010,사원,기획,No,155,42,11,63109063
2868,조강규,남,39,23,2012,주임,영업,No,184,41,1,94690487
1786,강건도,남,40,21,2011,대리,마켓팅,No,86,75,8,99031772
3872,정경륜,남,44,24,2015,과장,영업,No,127,32,9,119271911
1538,장규만,남,43,24,2011,사원,재무,No,134,75,5,57618126
2734,장규민,남,39,22,2013,사원,영업,No,153,45,13,61127987
98,하국태,남,31,8,2012,사원,영업,No,28,45,21,72222709
222,조경율,남,34,18,2010,사원,개발,No,216,74,9,73234063
2356,임가진,여,40,19,2012,사원,법무,No,228,38,13,72893126
476,장경택,남,33,13,2011,사원,개발,No,175,42,7,73750278
1895,윤경규,남,34,16,2011,주임,인사,No,224,49,9,80096563
4481,조규광,남,31,12,2012,주임,총무,No,25,34,0,90510209
4966,박경수,남,36,14,2015,사원,기획,No,76,35,7,56716633
1931,정강모,남,40,31,2011,상무,마켓팅,No,13,34,24,155894620
2978,윤강혜,여,36,33,2014,차장,재무,No,5,81,6,135415835
2360,최경선,여,43,27,2014,주임,개발,No,37,47,10,97404481
3774,여경무,남,37,14,2015,사원,개발,No,237,31,21,68145417
4746,류국태,남,28,7,2015,사원,법무,No,52,40,8,72286354
4803,주건도,남,39,20,2011,대리,영업,No,153,47,21,97615487
3239,전경백,남,39,19,2014,사원,인사,No,209,68,6,70127987
148,조규건,남,32,14,2015,주임,총무,No,101,38,14,81001494
3747,정규백,남,37,16,2015,인턴,영업,No,213,29,12,23145417
4869,임기문,남,38,22,2011,사원,기획,No,266,62,11,65549202
1432,강규태,남,45,26,2013,사원,영업,No,250,38,15,45338196
1622,주규만,남,43,25,2011,사원,마켓팅,No,258,48,20,73349376
964,박경모,남,31,12,2012,주임,재무,No,238,59,7,94028959
1717,장국도,남,42,23,2011,대리,개발,No,61,37,13,101808091
5267,최경백,남,31,9,2012,사원,법무,No,153,41,14,72735209
1248,강강숙,여,33,17,2010,주임,인사,No,5,47,6,83966633
1027,한규영,남,27,10,2015,인턴,총무,No,234,34,16,33857570
2241,주가숙,여,39,22,2012,사원,기획,Yes,338,51,10,49289341
5591,조건표,남,31,11,2015,사원,마켓팅,No,246,36,22,54572709
2456,최규범,남,46,28,2014,사원,재무,No,193,47,15,43129481
578,조경주,여,50,47,2014,대리,개발,No,5,46,10,113418822
4551,하건섭,남,32,13,2012,대리,법무,No,106,56,7,114501494
3048,윤경윤,여,37,21,2013,대리,인사,No,19,45,11,106106772
2764,박경태,남,36,16,2010,주임,총무,No,214,35,9,96666633
5437,주규빈,남,33,25,2011,사원,기획,No,315,42,15,66533126
405,한경복,남,34,14,2011,대리,마켓팅,No,293,60,7,114659063
963,장규태,남,31,23,2012,주임,재무,No,60,39,14,95885557
118,윤가령,여,34,17,2012,주임,개발,No,10,44,11,83045417
769,강강혜,여,33,13,2012,사원,법무,No,195,53,9,62654133
1175,정기택,남,28,7,2016,사원,인사,No,150,43,10,42286354
3095,박귀선,여,38,18,2015,주임,총무,No,1,48,9,81860557
4665,조강만,남,36,17,2015,차장,개발,No,71,34,10,131716633
4529,최강수,남,50,28,2015,주임,기획,No,228,41,25,81719620
1607,전경욱,남,33,13,2015,사원,마켓팅,No,94,46,22,57430278
5024,강가윤,여,28,11,2012,사원,재무,No,153,35,9,40622709
2851,박단엽,남,39,23,2014,사원,개발,No,82,36,20,66402987
4721,조경무,남,30,11,2014,주임,개발,No,81,76,8,79268924
3219,임낙균,남,41,21,2014,사원,법무,No,200,52,9,57985557
452,정규로,남,31,15,2011,사원,인사,No,232,40,12,76335209
4505,주경순,여,28,11,2012,사원,개발,No,25,53,9,59578959
2649,이귀연,여,35,31,2016,대리,총무,No,36,35,4,106862050
3335,윤강규,남,46,37,2014,대리,영업,No,308,34,10,103417328
493,한규범,남,34,14,2011,주임,기획,No,154,35,0,90629063
3111,장강희,여,40,23,2014,인턴,마켓팅,No,51,40,14,33843126
5301,주경표,남,49,34,2011,과장,재무,No,175,36,16,126828335
5383,박경백,남,34,16,2010,주임,개발,No,178,40,12,84199063
756,하강민,남,37,21,2016,인턴,법무,No,161,30,23,20145417
2016,정가현,여,40,23,2011,사원,인사,No,45,58,7,76255626
1369,장가현,여,36,15,2012,사원,총무,No,120,45,10,51902987
678,주강윤,여,45,30,2015,사원,기획,No,195,32,5,51862050
1866,임규태,남,38,20,2013,사원,마켓팅,No,186,63,11,66624202
3649,강강미,여,35,18,2015,사원,재무,No,190,39,12,57574202
806,조경도,남,30,18,2012,과장,개발,Yes,242,47,28,120831772
1113,류경혜,여,33,18,2011,사원,법무,No,108,46,6,76576633
4817,임경희,여,31,13,2011,사원,인사,Yes,374,52,13,58859063
2245,조국도,남,48,32,2012,주임,총무,No,283,56,11,92462050
5124,장경욱,남,31,12,2014,주임,기획,No,141,53,16,85272709
2931,최경무,남,48,30,2014,과장,마켓팅,Yes,233,68,14,118862050
1849,소경규,남,40,21,2013,사원,재무,Yes,298,53,0,76631772
1737,여가선,여,37,23,2016,인턴,개발,No,210,46,5,37431772
3245,한경채,여,36,17,2010,사원,법무,No,398,43,12,58640487
4323,이국도,남,33,12,2011,대리,인사,No,34,44,3,98499028
4668,주기범,남,31,10,2013,과장,총무,No,28,37,11,128422709
4125,박국도,남,36,17,2016,사원,기획,No,59,44,14,53716633
3104,장규범,남,38,20,2012,사원,마켓팅,No,188,50,13,62924202
4272,조경백,남,33,13,2010,대리,재무,No,78,57,8,101930278
347,류가영,여,43,25,2013,사원,개발,No,137,55,1,59766981
3730,정규범,남,38,19,2012,사원,법무,No,264,42,22,59974202
1899,여갑규,남,34,12,2010,주임,인사,No,156,54,0,83659063
4460,강강숙,여,47,29,2014,사원,총무,No,35,62,12,68844620
2677,윤규광,남,37,18,2011,주임,기획,No,140,85,9,80245417
3032,강경표,남,39,18,2014,사원,마켓팅,No,104,46,9,70127987
1401,한경륜,남,32,12,2012,사원,재무,No,66,45,9,69351494
1238,조규백,남,43,23,2011,대리,개발,Yes,153,39,11,100368126
4685,이규민,남,29,9,2014,인턴,영업,No,104,34,16,25240139
3079,강건모,남,38,19,2014,사원,법무,No,62,54,10,63699202
3123,임국도,남,52,34,2011,대리,인사,No,217,38,22,101095939
3429,박건도,남,39,23,2015,사원,총무,No,172,31,15,51002987
1561,박규경,여,36,31,2012,과장,기획,No,93,78,2,124453335
4256,윤국태,남,37,16,2010,사원,개발,No,204,36,8,42720417
5281,이낙균,남,37,16,2011,사원,마켓팅,No,237,51,12,64405417
5424,정건도,남,30,19,2013,대리,재무,No,330,38,6,100781772
1862,조국만,남,40,23,2013,사원,개발,No,97,70,3,41531772
4402,이규영,남,34,18,2011,사원,법무,No,305,44,13,65059063
3698,임경륜,남,38,16,2015,인턴,인사,No,181,42,8,24574202
1016,조경주,여,26,7,2015,인턴,총무,No,156,32,12,24715139
3616,정건모,남,37,27,2015,주임,기획,No,81,40,18,90433265
2148,강가정,여,40,25,2011,사원,마켓팅,No,20,61,7,71548126
3791,박가혜,여,34,21,2011,사원,재무,No,229,55,4,72195417
2701,조가실,여,38,24,2013,주임,개발,No,25,22,12,82623057
4518,조규로,남,43,33,2013,부장,법무,No,339,62,2,139993474
4701,장기동,남,31,12,2014,사원,인사,No,68,42,10,53097709
2559,조건섭,남,40,19,2013,대리,총무,No,29,39,19,102556772
4772,윤강민,남,42,24,2015,대리,기획,No,90,40,18,116189341
2680,조경복,남,42,20,2013,과장,마켓팅,No,90,52,14,121051841
1019,박경선,여,27,9,2015,사원,재무,No,180,44,8,46143924
2839,임강규,남,38,20,2014,사원,개발,No,300,41,18,62974202
2788,윤국태,남,37,17,2011,대리,법무,No,44,58,12,98105417
2596,정기백,남,42,22,2013,과장,인사,No,44,40,3,126051841
3796,임경백,남,38,19,2015,사원,총무,No,74,43,6,64574202
5335,조가실,여,32,16,2010,사원,기획,No,138,64,1,52277848
4009,윤강필,남,37,15,2015,대리,마켓팅,No,52,44,16,98145417
14,임경숙,여,39,24,2011,차장,재무,No,201,45,6,134647335
5005,강규로,남,34,24,2011,주임,개발,No,455,69,15,91946911
2641,임건모,남,43,26,2011,과장,법무,No,28,46,13,128468126
4533,윤강백,남,45,28,2011,주임,인사,No,590,58,7,76863196
1040,장기동,남,28,12,2015,주임,총무,No,49,37,24,85286354
1288,한건표,남,39,19,2013,사원,기획,No,153,33,12,60302987
852,최국만,남,34,14,2012,주임,마켓팅,No,241,52,12,97171563
1720,정경채,여,39,26,2011,주임,재무,No,120,60,0,79489341
3069,장규로,남,46,29,2014,대리,개발,No,60,46,21,104604481
4259,정경율,남,36,27,2016,주임,법무,No,107,40,10,91004481
428,이국태,남,32,14,2011,대리,인사,No,90,45,7,97651494
680,윤건섭,남,32,10,2011,대리,총무,No,37,42,9,108195244
2074,여국도,남,46,25,2016,사원,기획,No,232,32,14,58004481
1519,장경복,남,42,23,2011,사원,마켓팅,No,476,72,8,71064341
1784,윤가덕,남,42,23,2011,주임,재무,No,219,74,11,86826841
357,임경표,남,46,28,2014,주임,영업,No,26,40,4,93129481
4000,임규범,남,38,19,2011,사원,개발,No,13,57,14,76205452
5125,조강혜,여,28,11,2014,사원,법무,No,35,45,1,63272709
2419,최국도,남,34,12,2016,사원,인사,No,79,25,0,70859063
2194,조남기,남,49,32,2011,주임,총무,No,167,45,22,96890835
74,박군모,남,35,14,2011,사원,기획,No,233,39,19,76547848
1330,박건섭,남,49,29,2011,과장,마켓팅,No,28,71,0,121835835
3725,강경화,여,36,19,2015,사원,재무,No,164,39,14,59002987
3237,주경순,여,38,22,2014,사원,개발,No,52,27,13,73985557
5186,최기천,남,39,19,2010,주임,법무,No,244,73,18,85502987
2726,장경욱,남,44,23,2016,과장,인사,No,84,45,3,125146911
3227,한남연,남,33,13,2012,사원,총무,No,37,42,14,65592778
5366,윤규경,남,34,13,2010,대리,기획,No,28,47,9,111569063
1324,한건섭,남,36,17,2012,주임,영업,Yes,377,36,0,78141633
3991,임기표,남,46,25,2014,주임,마켓팅,No,233,36,10,84404481
2690,윤가덕,남,41,34,2013,차장,재무,No,121,43,19,136273404
1117,조경숙,여,33,17,2016,사원,개발,No,240,55,4,71716633
2461,정규로,남,38,18,2013,대리,영업,No,54,77,10,99699202
323,최경복,남,32,14,2010,사원,법무,Yes,364,63,10,58001494
4236,강남호,남,40,23,2016,사원,인사,No,206,29,8,49431772
3805,주공민,남,42,20,2016,인턴,총무,No,71,41,11,37289341
3474,정경모,남,41,21,2015,주임,기획,No,77,42,12,83860557
4678,윤규로,남,30,8,2014,차장,마켓팅,No,98,48,12,131443924
1069,정기민,남,28,8,2015,사원,재무,No,81,27,11,75286354
4370,여경미,여,33,16,2011,사원,개발,No,5,46,12,65804133
5280,장규건,남,31,15,2013,주임,법무,No,176,73,8,87172709
1536,조경도,남,47,25,2011,사원,인사,No,153,42,17,56952015
143,한가숙,여,31,15,2013,주임,총무,No,5,79,3,97359063
518,전건섭,남,33,15,2011,대리,기획,No,240,69,9,113840278
80,이기민,남,51,43,2012,과장,마켓팅,No,86,25,14,129036252
5552,박경륜,남,28,6,2015,사원,재무,No,47,40,15,75286354
3405,박가윤,여,36,17,2015,주임,개발,No,18,83,4,79002987
2799,이국만,남,45,36,2014,대리,법무,No,32,9,23,110713544
4574,조가복,남,33,12,2012,사원,인사,No,238,37,7,70780278
3702,조기수,남,38,17,2015,사원,총무,No,205,37,7,69574202
264,정건도,남,32,12,2010,대리,기획,No,150,59,9,115711494
5599,박강숙,여,27,17,2015,사원,영업,No,53,38,5,66143924
4614,강경태,남,29,8,2013,사원,마켓팅,No,205,37,13,40965139
4030,이가혜,여,36,20,2015,인턴,재무,No,175,38,12,14002987
5256,윤강정,여,35,17,2013,주임,영업,No,66,40,10,77824202
4645,조경아,여,31,15,2013,사원,영업,No,268,52,12,57359063
716,장경표,남,42,22,2011,사원,개발,No,287,51,5,76464341
3835,시국태,남,40,20,2015,주임,법무,No,29,40,13,97431772
3344,윤가선,여,36,16,2014,사원,인사,No,61,38,13,56127987
2119,최경태,남,54,32,2014,과장,총무,No,73,58,6,119559759
210,강규탁,남,44,19,2014,사원,기획,No,153,28,18,62271911
2869,최규강,남,38,19,2014,과장,마켓팅,Yes,202,41,11,119574202
917,이경택,남,32,15,2012,사원,재무,Yes,166,55,9,74938994
2611,최경욱,남,42,22,2013,주임,개발,No,41,37,13,95464341
4985,강기민,남,43,25,2015,사원,영업,No,88,48,4,41718126
3320,하경채,여,53,35,2013,사원,법무,No,213,41,7,73417328
1617,임규빈,남,47,28,2011,과장,인사,No,55,64,15,118633265
1825,최기복,남,39,19,2011,사원,총무,No,44,40,11,72112987
3322,장기남,남,39,29,2014,부장,영업,No,72,30,14,140415835
835,한공명,남,41,30,2016,대리,기획,No,88,36,13,98148404
5544,한경린,여,45,29,2015,사원,마켓팅,No,173,53,5,51862050
5230,조규건,남,49,31,2012,주임,재무,No,240,36,14,78465835
1497,조달윤,남,42,20,2011,사원,개발,No,319,44,11,71464341
2743,최경도,남,42,22,2013,차장,영업,No,70,72,0,136314341
2322,조규백,남,45,27,2011,차장,법무,No,28,49,9,135775696
3758,한기천,남,45,25,2015,사원,인사,No,56,35,12,64575696
5147,윤국길,남,38,19,2012,주임,총무,No,103,39,12,92886702
1704,강군길,남,39,18,2011,사원,기획,No,323,81,17,67202987
3633,장경륜,남,46,28,2014,과장,마켓팅,No,13,32,3,125129481
4027,여가령,여,35,19,2015,인턴,재무,No,160,50,10,37574202
3887,이가온,여,36,20,2015,사원,개발,No,10,76,4,49002987
5194,한경모,남,35,11,2010,사원,영업,No,183,40,16,75797848
1463,박건섭,남,45,27,2015,인턴,개발,Yes,372,35,20,34575696
2752,하가설,여,39,23,2013,사원,법무,No,120,55,0,53464341
3558,한규탁,남,33,15,2012,인턴,인사,No,153,36,11,28380278
4349,주기복,남,32,24,2011,대리,총무,No,153,41,20,106676841
2025,전건표,남,42,24,2011,주임,기획,No,108,49,20,87145591
545,조건섭,남,37,18,2011,사원,영업,No,59,23,14,74885417
3484,강국길,남,40,31,2015,주임,마켓팅,No,236,34,23,84719620
4307,김규만,남,33,12,2010,사원,재무,No,162,40,23,75430278
1881,조강길,남,44,32,2011,사원,개발,No,273,36,19,49684411
1442,정경도,남,39,18,2011,주임,법무,No,178,55,23,77540487
4252,여국도,남,38,19,2016,사원,인사,No,232,34,14,46574202
586,한국만,남,35,13,2011,주임,총무,No,8,23,8,91817848
3088,조나일,남,48,31,2015,주임,기획,No,83,38,14,88862050
5634,하국태,남,30,8,2015,인턴,마켓팅,No,195,37,13,38143924
1722,하경무,남,45,27,2011,차장,재무,No,82,49,6,130475696
4748,류공민,남,31,8,2015,주임,개발,No,166,50,22,79572709
2927,주건섭,남,41,31,2014,주임,개발,No,168,35,9,90273404
2526,최경복,남,42,19,2013,사원,법무,Yes,298,32,20,59564341
1229,강가설,여,32,25,2010,사원,인사,Yes,316,57,10,45225696
1795,최남기,남,46,25,2011,과장,총무,No,89,38,17,124941981
1758,강귀영,여,45,39,2015,주임,기획,No,141,20,20,85274898
2467,하경택,남,37,16,2013,사원,마켓팅,No,155,44,20,72745417
4169,임경도,남,38,22,2016,사원,재무,No,63,41,4,76574202
800,정경진,여,30,13,2012,사원,개발,No,236,35,9,53742778
3010,순강길,남,54,32,2011,대리,법무,No,13,48,14,99444759
1580,조강정,여,40,23,2011,대리,인사,No,5,59,6,100943126
4258,한경모,남,37,15,2016,사원,총무,No,224,49,12,45145417
4167,장가령,여,34,23,2016,사원,기획,No,125,30,9,40433265
3667,장남익,남,34,13,2012,주임,마켓팅,No,84,28,8,87171563
5116,여국만,남,42,22,2011,과장,영업,Yes,242,53,0,125564341
2970,장경욱,남,33,12,2012,사원,재무,No,13,58,21,65880278
1639,임강규,남,40,22,2011,사원,개발,No,153,50,11,69031772
4286,임규탁,남,49,43,2014,상무,영업,Yes,225,34,19,154578683
2403,최규태,남,46,24,2012,대리,법무,Yes,543,82,6,108279481
3926,장남연,남,34,15,2012,사원,인사,No,43,27,10,67209063
5532,조강옥,여,27,22,2015,사원,총무,No,158,44,14,58431772
3475,윤군모,남,33,12,2011,주임,기획,No,319,51,13,88840278
4114,윤규화,여,34,19,2016,사원,마켓팅,No,60,44,5,48145417
1984,박가현,여,38,33,2011,대리,영업,No,5,59,2,105323404
449,이규로,남,29,9,2011,인턴,재무,No,13,52,15,38125139
1775,윤나은,여,40,26,2011,과장,개발,No,0,66,0,120618126
2918,임가인,여,39,31,2014,주임,법무,Yes,192,40,7,87577189
2416,류군모,남,44,26,2012,과장,인사,No,65,45,15,126346911
975,최가숙,여,33,16,2010,사원,총무,No,276,60,5,74036633
5334,주건모,남,33,13,2010,주임,기획,No,153,39,9,85770278
1669,강건표,남,41,22,2011,사원,마켓팅,No,415,71,9,70600557
4147,조경욱,남,38,21,2016,사원,재무,No,59,29,15,61574202
4019,박경채,여,36,21,2015,사원,개발,No,30,49,8,69002987
4801,한규건,남,36,19,2012,주임,법무,No,276,45,7,79879133
1459,박공민,남,41,19,2011,사원,인사,No,44,34,21,58075557
1553,정경순,여,40,32,2011,주임,총무,No,218,30,7,93205974
473,박강윤,여,34,28,2011,주임,영업,No,230,53,12,84963265
2864,여국만,남,40,20,2014,사원,기획,No,180,52,23,56556772
137,강규영,남,30,12,2012,사원,마켓팅,No,240,42,5,42643924
1135,정규경,남,31,12,2016,사원,재무,No,191,37,5,41572709
1494,조경도,남,43,22,2011,주임,영업,No,28,64,5,89005626
307,이국길,남,35,14,2010,대리,개발,No,73,57,7,105100348
2856,정경륜,남,38,17,2014,사원,법무,No,19,28,22,61699202
4377,장국도,남,37,29,2011,전무,인사,No,65,59,11,166843265
1941,강경임,여,40,23,2011,사원,총무,No,328,52,2,61255626
5370,임강윤,여,35,18,2010,주임,기획,No,32,50,1,96886702
4809,조경복,남,34,13,2011,차장,마켓팅,No,158,81,4,130884063
4161,윤강태,남,45,29,2014,사원,재무,No,177,54,18,66700696
1975,정단엽,남,37,16,2011,사원,개발,No,35,68,10,50151667
3132,윤건우,남,38,20,2014,사원,영업,No,178,53,4,53699202
5137,장강숙,여,30,15,2014,사원,법무,No,2,47,10,64480278
42,조경복,남,39,21,2012,차장,인사,No,61,54,15,130718274
516,순건모,남,35,26,2011,차장,영업,No,252,84,11,134225696
609,임경모,남,31,10,2012,사원,총무,No,153,36,20,68541459
3515,정규강,남,41,22,2015,주임,영업,No,121,58,4,94985557
344,정기천,남,33,11,2011,사원,영업,No,289,41,10,59342778
2517,박경란,여,47,32,2016,주임,기획,No,24,48,5,81719620
4191,장경복,남,38,18,2016,사원,마켓팅,No,345,53,9,46574202
3812,최경윤,여,43,26,2011,사원,재무,No,126,46,9,40279481
2149,최경규,남,41,22,2011,사원,영업,No,197,35,25,70035557
336,최교묵,남,38,19,2014,대리,개발,No,51,43,23,112874202
343,강군길,남,36,16,2011,사원,법무,No,325,79,17,62916633
475,최규민,남,31,11,2011,사원,인사,No,401,26,12,75735209
4800,한가현,여,33,18,2011,인턴,총무,Yes,321,35,11,35616633
3306,정국길,남,36,19,2012,인턴,영업,No,153,43,14,35066633
4021,장건모,남,48,25,2012,주임,기획,No,232,36,26,77037050
4404,최가실,여,38,24,2013,주임,영업,No,102,84,6,91960557
425,박가선,여,30,23,2011,부장,마켓팅,No,216,65,0,139248126
2910,장강필,남,42,25,2014,주임,재무,No,178,49,11,77414341
3363,조경율,남,45,21,2014,과장,개발,No,35,49,1,129700696
5410,정교묵,남,34,14,2013,사원,법무,No,228,40,13,68909063
5015,최규민,남,33,17,2011,이사,영업,No,90,55,19,144280278
2637,강규백,남,40,32,2013,차장,인사,No,332,23,16,134844620
2235,강경욱,남,43,35,2012,부장,총무,No,28,53,16,143030974
1783,강교묵,남,42,21,2011,주임,기획,No,83,56,7,86889341
2645,임군모,남,41,20,2013,주임,마켓팅,No,165,31,26,94610557
1201,정가혜,여,25,8,2016,인턴,재무,No,167,33,11,20286354
430,여경채,여,33,27,2011,대리,개발,No,120,65,1,103534481
86,임건표,남,33,16,2011,사원,법무,Yes,378,43,20,43930278
408,임기백,남,33,14,2011,대리,인사,No,94,38,9,109200278
3895,임기범,남,36,16,2015,주임,총무,No,72,31,27,86716633
456,하경태,남,50,28,2016,사원,기획,No,194,39,9,63719620
688,정기주,여,30,10,2012,인턴,마켓팅,No,20,52,3,28980278
1927,강경수,남,43,23,2011,과장,영업,No,66,53,8,128318126
2333,정경무,남,46,38,2014,대리,재무,No,154,46,20,98692328
3201,전경백,남,34,13,2011,사원,개발,No,13,48,11,71052813
2628,조경선,여,41,26,2013,인턴,법무,No,295,54,9,31271911
5482,주경옥,여,28,12,2014,인턴,인사,No,150,44,12,5872709
2697,주강필,남,46,29,2015,과장,총무,Yes,200,36,15,118004481
2289,장강미,여,42,29,2012,대리,기획,No,5,54,9,100775696
3768,조강만,남,39,18,2015,사원,마켓팅,No,322,71,7,51002987
549,류공민,남,36,23,2011,대리,재무,No,61,38,12,100466981
211,한규백,남,46,28,2015,대리,개발,No,55,53,21,106004481
3304,조기린,여,37,18,2014,주임,영업,No,42,61,12,85831772
957,박규경,여,29,25,2012,대리,법무,No,67,70,3,114451841
3842,정강옥,여,38,21,2015,인턴,인사,No,200,32,7,16935557
5426,임경륜,남,35,15,2012,사원,총무,No,50,38,5,68487848
3213,주경수,남,32,10,2011,사원,기획,No,314,39,6,57313994
1222,조기문,남,35,16,2010,인턴,마켓팅,Yes,345,51,5,24937848
5101,조나리,여,28,11,2013,사원,재무,No,20,38,7,68822709
1299,최공민,남,35,23,2010,상무,개발,No,56,65,19,156825696
3203,조경태,남,42,25,2014,사원,영업,No,87,51,12,74414341
5264,임경무,남,34,11,2011,사원,법무,No,13,67,11,66759063
2775,조기주,여,54,39,2014,사원,인사,Yes,208,35,14,46721113
984,한강미,여,29,11,2013,주임,영업,No,5,56,8,94426494
1102,정가주,여,26,12,2016,인턴,총무,No,405,34,5,21715139
3231,하경태,남,49,40,2014,대리,기획,No,19,53,9,106703683
659,여경화,여,32,15,2012,사원,마켓팅,No,5,45,10,76637848
1612,윤건우,남,48,30,2011,주임,재무,No,13,25,7,90699550
2745,윤경수,남,50,28,2016,대리,개발,No,100,51,1,103719620
477,장규탁,남,34,19,2011,사원,법무,No,35,52,8,70839063
1768,최경모,남,40,20,2011,사원,인사,No,157,61,10,43606772
106,조가은,여,31,27,2012,차장,총무,No,39,80,10,132684411
846,한국도,남,37,17,2016,주임,기획,No,213,81,14,85145417
4058,윤강만,남,50,31,2015,사원,영업,No,178,45,9,66719620
3177,정경도,남,34,17,2012,대리,마켓팅,No,8,40,19,106571563
3464,한교묵,남,37,17,2015,사원,영업,No,110,62,6,63145417
1589,윤기문,남,42,23,2011,사원,재무,No,313,36,26,72651841
2885,강남호,남,38,21,2010,사원,개발,No,203,56,7,68354202
484,하경혜,여,39,17,2011,사원,법무,No,171,37,12,59264341
5728,윤경백,남,31,16,2016,사원,인사,No,158,45,3,41572709
2060,윤강모,남,43,22,2011,주임,총무,No,284,48,10,88236876
2323,박기담,남,42,23,2012,사원,기획,No,273,55,18,43464341
2830,이기륭,남,47,28,2011,과장,영업,No,65,30,16,119033265
4512,박다호,남,55,35,2011,주임,마켓팅,No,226,46,17,96488544
707,정단엽,남,34,12,2011,사원,재무,No,290,82,3,61184063
2223,강경옥,여,39,21,2012,주임,개발,Yes,169,45,9,88689341
4497,최경율,남,32,15,2012,대리,법무,Yes,244,58,11,99001494
4224,임군길,남,36,18,2016,사원,인사,No,28,38,18,58716633
1202,주경태,남,36,20,2013,사원,총무,No,74,37,13,66541633
4220,박국태,남,35,18,2016,주임,기획,No,62,38,23,92287848
1231,하규빈,남,33,15,2010,사원,마켓팅,No,8,63,9,66880278
4794,임국만,남,45,26,2015,대리,재무,No,119,39,19,114575696
5018,주국만,남,33,13,2012,사원,개발,No,110,30,9,66830278
3314,박규백,남,40,20,2014,사원,법무,No,153,41,14,61556772
4045,여강린,여,49,33,2015,인턴,인사,No,208,34,13,32577189
4546,조경표,남,41,22,2014,과장,총무,No,67,43,19,118660557
638,정공민,남,35,16,2012,사원,기획,No,304,57,12,58337848
5236,여건모,남,31,11,2016,인턴,마켓팅,No,218,42,5,11572709
3854,조경륜,남,38,16,2015,주임,재무,No,183,44,17,89574202
3514,박단용,남,36,19,2015,사원,개발,No,95,37,11,76716633
3312,최건도,남,39,21,2014,사원,법무,Yes,338,41,15,51077987
2761,조교묵,남,40,18,2013,대리,개발,Yes,204,49,19,102556772
809,장경규,남,41,20,2012,주임,인사,No,156,47,3,76998057
1987,김규리,여,33,17,2015,사원,총무,No,48,61,12,44716633
5516,장경린,여,50,45,2015,주임,기획,No,182,60,9,91293822
1444,조교묵,남,41,33,2011,상무,마켓팅,No,223,65,4,152898404
1686,김기범,남,42,23,2011,주임,재무,No,28,56,11,86889341
4451,강경순,여,30,17,2012,사원,개발,No,83,58,10,59136528
3366,하규로,남,40,19,2014,사원,법무,No,240,43,12,74556772
1399,조규탁,남,32,11,2012,인턴,인사,No,170,41,22,29801494
584,임경표,남,33,14,2011,사원,총무,No,111,43,23,68960278
1964,임경규,남,48,29,2011,대리,기획,No,89,59,19,97762050
2177,최경숙,여,33,16,2010,사원,마켓팅,No,20,61,9,39246633
1997,박건모,남,41,21,2011,사원,영업,No,153,53,13,76035557
453,순경주,여,31,13,2011,사원,재무,No,47,50,10,63509063
5321,박교묵,남,42,22,2013,주임,개발,Yes,225,42,21,90114341
5687,윤강규,남,27,5,2016,사원,법무,No,199,94,15,70857570
4084,조강민,남,39,19,2015,사원,인사,No,51,41,12,61002987
2612,정규백,남,39,19,2013,대리,총무,No,254,68,4,101765487
3050,최군길,남,40,23,2013,주임,기획,No,112,41,12,77556772
3587,강기범,남,38,19,2015,대리,마켓팅,No,202,38,4,99574202
2948,하경빈,여,39,22,2014,사원,재무,No,176,42,14,47414341
1372,장강만,남,32,12,2011,대리,개발,No,28,57,13,97651494
1063,한경욱,남,30,15,2015,과장,법무,No,57,53,9,123143924
1213,장교묵,남,28,10,2016,사원,인사,No,90,46,21,42286354
1164,정금주,여,25,13,2016,인턴,총무,No,32,35,14,30286354
4935,임규탁,남,35,13,2010,차장,기획,No,110,43,16,135117848
132,김공명,남,45,24,2015,사원,마켓팅,No,234,43,21,59575696
2883,주규강,남,37,17,2011,주임,재무,No,28,42,17,79225417
5126,신공민,남,46,27,2015,대리,개발,No,351,29,11,101004481
1450,박경륜,남,45,25,2015,사원,법무,No,194,44,10,64575696
1958,최건도,남,34,14,2012,주임,영업,No,254,51,13,77171563
291,한경채,여,31,13,2010,사원,인사,No,398,50,13,51496563
5330,김남호,남,29,8,2010,인턴,총무,No,165,53,10,31335139
2091,하공명,남,45,29,2011,사원,기획,No,153,47,10,51094446
4934,신강주,여,28,21,2015,사원,마켓팅,No,4,55,2,45760557
903,장국만,남,34,12,2012,인턴,재무,No,355,47,18,32621563
4774,정건우,남,29,8,2016,사원,개발,No,37,45,13,73715139
3116,박강모,남,40,23,2014,주임,법무,Yes,170,47,13,79431772
1124,한경백,남,25,3,2016,인턴,인사,No,46,33,5,33000000
3883,박낙관,남,38,20,2015,사원,총무,No,60,51,11,74574202
523,류군모,남,36,17,2011,대리,개발,No,296,46,4,103329133
1343,조경복,남,44,25,2011,사원,기획,No,212,42,23,74321911
2424,전규경,남,37,16,2011,사원,마켓팅,No,153,50,3,64195417
3716,임강태,남,32,14,2016,인턴,영업,No,176,42,11,13001494
4213,임경수,남,36,14,2015,사원,재무,No,107,43,7,61716633
1763,한건섭,남,45,27,2013,주임,개발,No,317,37,4,80338196
4202,박국만,남,38,24,2016,사원,영업,No,45,14,10,56574202
351,윤경미,여,31,13,2011,사원,법무,No,72,89,7,58884063
598,임귀영,여,31,15,2011,인턴,영업,No,487,39,9,23546563
2052,하국도,남,42,23,2011,과장,인사,Yes,206,51,23,120564341
4384,임경모,남,34,12,2010,사원,총무,No,180,65,15,63559063
389,조경규,남,34,15,2011,사원,영업,No,225,47,4,71184063
1149,최경순,여,46,28,2015,사원,기획,No,45,39,4,68290835
4400,임낙관,남,32,8,2011,사원,마켓팅,No,271,46,8,54501494
398,임교묵,남,37,16,2011,주임,재무,No,365,43,19,94307917
2988,최규탁,남,41,23,2014,사원,개발,No,78,49,13,45985557
2742,조경택,남,39,15,2013,사원,법무,No,303,27,23,61127987
4640,강국도,남,31,9,2013,사원,인사,No,28,43,13,58672709
5039,조경화,여,31,14,2012,사원,총무,No,25,42,11,51109063
2348,정건우,남,40,20,2012,주임,기획,No,175,70,8,96031772
3988,최근혜,여,40,22,2015,주임,마켓팅,No,24,39,11,85843126
3165,최경태,남,39,18,2014,대리,재무,No,73,59,10,98127987
4099,임경율,남,35,13,2016,사원,개발,No,57,29,7,72287848
3346,윤낙관,남,46,28,2014,사원,법무,No,179,61,13,71129481
3611,박규건,남,47,27,2012,주임,인사,No,159,32,17,94183265
4299,전국만,남,34,16,2010,대리,총무,No,119,48,13,100734063
4999,최기담,남,32,14,2010,사원,기획,No,313,50,5,58551494
5677,임경아,여,26,10,2016,사원,마켓팅,No,37,40,8,51715139
4170,조가정,여,35,18,2016,사원,재무,No,33,47,10,44574202
1601,강가덕,남,40,22,2011,사원,개발,No,294,69,10,68631772
880,임강민,남,32,15,2012,인턴,법무,No,353,60,11,29351494
2640,장규태,남,53,35,2014,차장,인사,No,89,66,12,133130974
3469,장국태,남,37,17,2015,사원,총무,No,79,37,25,53145417
4606,하가선,여,49,34,2011,대리,기획,No,54,64,4,113752189
603,장강린,여,30,15,2011,사원,마켓팅,No,83,75,8,76510278
2415,정기륭,남,48,31,2012,주임,재무,No,13,44,12,90462050
4208,조기복,남,47,27,2014,대리,개발,Yes,216,39,2,102558265
2529,정경백,남,45,38,2013,대리,영업,Yes,397,32,16,97863544
1389,임기룡,남,33,16,2011,대리,법무,No,28,55,7,98960278
1624,이경수,남,41,30,2011,대표이사,인사,No,365,78,15,171973404
1353,하경규,남,31,12,2011,주임,총무,No,10,52,12,85697709
1239,윤강백,남,33,25,2010,과장,기획,No,225,52,9,124848126
4154,최기수,남,36,14,2016,사원,마켓팅,No,52,38,20,53716633
5446,주경태,남,32,14,2013,사원,재무,No,74,38,11,60826494
5529,조경모,남,28,10,2015,사원,개발,No,51,41,8,65286354
3492,최경진,여,37,20,2015,인턴,영업,No,197,65,6,15431772
551,주규빈,남,37,30,2011,사원,법무,No,315,39,15,72248265
170,장기백,남,32,15,2014,주임,인사,No,28,55,17,88201494
3122,최경무,남,40,22,2014,대리,총무,Yes,233,46,18,107431772
3026,강경표,남,39,21,2014,사원,기획,No,204,39,8,75127987
1246,임건도,남,34,15,2010,인턴,마켓팅,Yes,176,51,7,26684063
542,임규탁,남,34,15,2011,사원,재무,No,63,66,13,70299063
2981,윤규로,남,38,18,2014,사원,개발,No,187,40,4,56699202
3658,박가실,여,35,19,2016,사원,법무,No,173,34,12,54574202
5348,조국영,여,33,15,2010,인턴,인사,No,214,48,10,29666633
4978,하규건,남,28,13,2016,사원,개발,No,211,14,21,62286354
5080,임기태,남,33,18,2013,사원,총무,No,304,65,13,53680278
1162,강고음,여,35,20,2012,대리,기획,No,195,64,12,112105452
3415,장경미,여,35,20,2011,사원,마켓팅,No,123,55,10,68736702
1575,장군길,남,42,33,2011,부장,영업,No,87,47,11,143777189
362,최기천,남,31,9,2011,주임,재무,No,118,47,3,95997709
4683,장강윤,여,30,12,2014,사원,개발,No,19,80,4,74180278
5059,강고음,여,29,12,2013,사원,법무,No,77,28,14,40476494
3062,장경표,남,40,23,2014,주임,인사,No,131,36,6,86556772
5337,한경도,남,34,14,2010,사원,총무,No,28,37,19,47969063
4716,조경복,남,34,17,2012,사원,기획,No,61,55,13,60909063
3130,이가숙,여,42,25,2014,사원,영업,No,99,28,8,39700696
5077,임가정,여,30,22,2013,사원,마켓팅,No,192,42,15,72768126
1730,전기룡,남,44,36,2011,이사,영업,No,82,46,8,147403509
3075,조강만,남,39,21,2014,대리,재무,Yes,195,54,10,103002987
2804,임규경,남,39,20,2014,주임,영업,No,28,39,27,95127987
3030,최경옥,여,40,32,2014,과장,개발,No,92,52,12,121130974
2951,윤권희,여,37,21,2014,주임,법무,No,10,83,4,84556772
5701,하귀정,여,27,7,2016,사원,인사,No,15,41,8,63143924
4,장가희,여,32,13,2010,과장,총무,No,189,56,12,123919153
2908,김강길,남,46,27,2014,사원,기획,No,513,71,13,65129481
4490,여강필,남,48,25,2015,사원,마켓팅,No,76,42,13,48862050
2858,조규광,남,40,22,2014,사원,재무,Yes,228,37,14,70431772
5092,장경륜,남,34,15,2013,사원,개발,No,13,47,14,39509063
895,이기백,남,33,13,2012,사원,법무,No,269,43,10,55780278
5216,박규범,남,32,17,2011,대리,인사,No,92,46,3,111620244
1211,이강희,여,24,6,2016,사원,개발,No,28,42,13,43857570
949,조규경,남,36,17,2010,주임,총무,No,153,53,11,86876633
3592,조가현,여,38,20,2012,사원,기획,No,202,57,7,55010557
3009,조강희,여,38,23,2014,사원,마켓팅,No,227,33,12,45985557
2716,강가령,여,44,27,2011,사원,재무,No,195,54,10,67064515
1695,강경복,남,45,29,2011,대리,개발,No,179,55,10,99431946
4787,조규만,남,27,5,2016,인턴,영업,No,304,22,22,5857570
4171,장국태,남,31,13,2016,인턴,법무,No,205,32,16,11572709
5120,강경욱,남,29,7,2014,과장,인사,Yes,191,37,0,123715139
653,정건모,남,32,23,2012,부장,총무,Yes,296,41,0,137789341
4305,임강태,남,37,13,2010,사원,기획,No,250,69,4,67457917
4048,강경백,남,39,19,2015,사원,마켓팅,No,36,36,18,66002987
1533,정군길,남,44,23,2010,차장,재무,No,94,58,8,133234411
1552,장국만,남,47,27,2014,사원,개발,Yes,598,34,15,59433265
4601,조가주,여,28,12,2013,인턴,법무,No,148,41,16,38497709
5519,임경택,남,30,15,2014,대리,인사,No,28,37,17,97943924
2497,정기천,남,40,19,2013,주임,총무,Yes,168,41,3,79431772
3189,정갑규,남,47,27,2016,사원,기획,No,473,61,10,59433265
2407,임기륭,남,44,24,2013,대리,영업,No,28,59,8,107746911
4112,정갑규,남,36,17,2016,사원,마켓팅,No,348,47,12,43716633
3368,정기영,남,39,22,2014,사원,재무,No,164,41,11,70127987
3493,윤가온,여,35,23,2015,사원,개발,No,56,35,11,47574202
1039,최강백,남,26,5,2015,인턴,법무,No,279,51,16,32428785
241,주경태,남,34,13,2010,사원,인사,No,314,56,8,63434063
1702,윤경윤,여,33,17,2013,대리,총무,No,19,43,13,100391633
2081,조남인,남,42,31,2011,차장,영업,No,506,56,9,134189689
5249,정기범,남,33,15,2010,주임,기획,No,166,43,7,92580278
471,장남연,남,32,12,2011,대리,마켓팅,No,158,63,0,97831494
1995,장권희,여,40,27,2011,주임,재무,No,20,63,8,87293126
1257,조교선,여,32,17,2010,주임,영업,Yes,219,47,10,76797848
765,한가진,여,28,13,2012,사원,개발,No,195,47,3,56522709
2985,최경규,남,39,17,2014,사원,법무,No,91,31,19,65127987
4205,하건표,남,40,32,2016,주임,인사,No,59,41,14,96719620
2523,이가선,여,38,21,2013,사원,총무,No,120,39,9,53260557
44,조규건,남,37,17,2011,차장,기획,Yes,207,37,5,135653357
5310,장근정,여,35,18,2010,주임,마켓팅,No,251,50,5,76774202
1688,윤남익,남,43,26,2011,사원,재무,No,96,39,12,57918126
2301,주규광,남,41,19,2012,사원,개발,No,223,46,12,42035557
746,최건도,남,36,17,2010,주임,영업,No,13,52,3,96531633
2719,조규로,남,38,31,2013,차장,법무,No,325,35,4,132849550
1828,최경옥,여,50,42,2014,차장,인사,No,92,54,8,135418822
3329,임경규,남,41,21,2014,사원,총무,No,223,45,7,75985557
5219,임기문,남,33,14,2011,사원,기획,No,266,59,7,58405278
5288,윤경무,남,31,14,2013,사원,마켓팅,Yes,324,43,0,63472709
3759,윤강혜,여,37,18,2015,주임,영업,No,73,82,2,81556772
3290,이강만,남,40,21,2014,주임,재무,No,158,30,19,86556772
5263,하규건,남,35,13,2011,주임,개발,No,63,31,11,91397848
70,최대운,남,32,8,2011,주임,법무,No,28,73,6,91111494
2282,최근숙,여,37,21,2012,사원,인사,No,135,63,10,74181772
240,박기복,남,39,22,2010,대리,총무,No,8,53,5,115377987
3061,강규경,남,40,32,2014,과장,기획,No,163,29,3,121844620
3012,박경수,남,39,21,2014,사원,마켓팅,No,288,53,6,59402987
2880,윤국희,여,39,26,2014,주임,영업,No,107,46,5,79889341
2735,임경욱,남,46,26,2013,대리,재무,No,13,36,14,99629481
2568,윤기륭,남,39,21,2013,부장,개발,No,193,39,16,141127987
5177,주군길,남,37,17,2012,사원,법무,No,58,47,13,72114167
2564,최교묵,남,41,17,2011,대리,인사,No,8,65,7,100379307
3183,전규강,남,44,27,2012,주임,총무,No,335,45,23,81321911
1385,조규빈,남,35,16,2011,사원,기획,Yes,371,58,14,42287848
20,박기복,남,30,8,2010,과장,마켓팅,No,8,57,4,126511330
4823,류규태,남,49,30,2011,주임,재무,No,148,41,21,92315835
5054,전대하,남,45,27,2011,과장,개발,No,28,59,12,118475696
3880,김기민,남,38,31,2015,주임,법무,No,205,48,17,96862050
4523,정남호,남,48,27,2011,이사,인사,No,28,65,6,150924550
4479,전강주,여,31,20,2012,사원,총무,No,212,58,2,59684063
1089,윤경무,남,37,16,2012,사원,기획,No,340,41,21,67339167
2393,조경표,남,40,19,2012,사원,마켓팅,No,405,46,20,66269272
4647,강규민,남,30,10,2013,사원,재무,No,8,37,12,72668924
1167,윤갑규,남,40,19,2016,주임,개발,No,166,73,10,89431772
1584,윤건표,남,41,20,2011,사원,법무,Yes,557,40,10,56860557
569,전국길,남,35,17,2011,대리,인사,No,126,59,8,102106598
1155,최건섭,남,28,9,2016,주임,총무,No,71,44,4,92286354
4879,임경욱,남,32,15,2012,사원,개발,Yes,252,68,12,57838994
396,임국도,남,38,16,2010,사원,기획,No,383,49,24,69974202
2590,장경택,남,39,23,2013,사원,마켓팅,No,169,41,13,61177987
1320,정강린,여,31,13,2011,사원,개발,No,42,50,8,58509063
1058,윤규강,남,37,16,2011,대리,재무,No,8,41,14,109457917
5221,윤경규,남,33,11,2011,주임,개발,No,224,50,9,78667778
5134,최규강,남,47,28,2014,차장,법무,Yes,202,40,9,132433265
2459,정낙균,남,40,21,2013,사원,인사,No,99,31,26,73194272
1823,장규범,남,41,21,2011,대리,총무,No,13,32,20,100060557
3456,최경택,남,46,24,2015,사원,기획,No,206,42,23,61004481
3961,한경무,남,44,24,2015,사원,마켓팅,Yes,173,34,12,74271911
191,하경륜,남,43,23,2016,주임,재무,No,298,42,10,93718126
2471,강규로,남,32,13,2012,주임,개발,No,161,65,6,94313994
3570,한강혜,여,37,23,2015,주임,법무,No,42,40,5,95431772
3394,주규민,남,40,29,2015,대리,인사,No,224,46,13,99719620
5257,강경희,여,42,28,2012,사원,총무,No,186,35,8,60350696
1263,임규민,남,47,25,2014,사원,기획,No,153,20,10,71558265
2944,조기동,남,39,30,2014,과장,마켓팅,No,94,54,12,127415835
2593,하가주,여,37,19,2013,인턴,영업,No,82,46,5,36194272
3115,이경수,남,39,22,2014,인턴,영업,No,222,38,12,33127987
4353,조건표,남,36,21,2011,사원,영업,No,108,70,8,74804133
2959,정강만,남,38,21,2014,사원,재무,No,180,47,10,53699202
4301,전경미,여,31,17,2010,사원,영업,Yes,229,58,10,73859063
5567,강가정,여,30,14,2015,인턴,개발,No,206,52,8,5430278
39,정가현,여,42,25,2015,과장,법무,No,12,51,9,125030062
3301,하기담,남,39,19,2014,사원,인사,No,333,79,2,55127987
1699,강내형,남,42,24,2011,사원,총무,No,59,34,21,76464341
3648,장건우,남,34,15,2011,주임,영업,Yes,361,56,2,87834063
1657,조경욱,남,44,24,2011,사원,기획,Yes,366,34,16,64821911
1528,장규영,남,41,18,2011,과장,마켓팅,No,136,40,1,120060557
4261,류기남,남,37,28,2016,주임,재무,No,425,57,9,77433265
1599,윤경백,남,34,16,2012,주임,개발,No,339,30,21,86684063
4089,강기룡,남,37,17,2016,인턴,영업,No,207,29,18,20145417
1916,정공명,남,48,31,2015,사원,법무,No,401,26,18,63862050
4908,이경태,남,35,17,2016,사원,인사,No,159,45,15,42287848
2975,이규강,남,39,19,2014,주임,총무,Yes,161,38,12,78002987
1736,박남연,남,34,15,2012,사원,기획,No,336,36,17,42621563
5438,전규건,남,31,11,2013,사원,마켓팅,No,284,39,4,49397709
864,임가영,여,30,25,2012,사원,재무,No,172,68,6,76180626
3524,정경복,남,40,22,2015,대리,개발,No,108,53,13,112431772
2782,장규광,남,38,19,2014,대리,영업,No,8,44,21,98699202
4585,최경복,남,36,12,2010,사원,법무,Yes,364,56,3,63716633
3066,주기담,남,54,35,2013,주임,인사,No,30,22,17,92559759
581,임경연,여,34,18,2011,주임,총무,Yes,365,80,6,89345417
5693,장규민,남,30,9,2016,인턴,기획,No,191,41,11,10143924
729,윤경빈,여,30,13,2012,인턴,마켓팅,No,351,55,6,18480278
3801,강경미,여,34,19,2015,사원,재무,No,40,32,6,66145417
447,정가진,여,32,14,2011,사원,영업,No,114,49,12,59292848
1834,이가영,여,43,40,2015,주임,개발,Yes,310,40,8,81292328
2952,장교묵,남,34,15,2013,대리,법무,No,39,28,15,111359063
3190,조강태,남,39,18,2014,사원,인사,Yes,373,40,5,51002987
133,정기천,남,42,24,2013,주임,총무,Yes,168,39,3,82289341
4827,윤강백,남,45,24,2011,주임,기획,No,594,33,13,76863196
1007,장경모,남,43,25,2011,대리,마켓팅,No,311,41,13,103768126
4666,강경태,남,29,19,2013,사원,재무,Yes,329,38,6,44002987
2047,주규영,남,42,30,2015,과장,개발,No,96,38,13,117577189
3259,조기복,남,38,16,2014,사원,법무,No,137,61,2,66699202
3888,조기택,남,46,27,2015,사원,인사,No,166,36,14,61004481
576,정경도,남,33,13,2011,주임,총무,No,228,65,17,89399028
5143,하가혜,여,26,11,2015,사원,기획,No,74,83,4,64715139
3932,한남도,남,38,19,2015,사원,마켓팅,No,313,61,6,49574202
2302,신기복,남,43,22,2012,주임,재무,No,236,49,8,89618126
3342,이기백,남,47,29,2014,사원,영업,No,170,49,23,41558265
1939,이군모,남,41,32,2011,차장,개발,No,263,23,14,132348404
2332,한감현,남,43,24,2011,사원,법무,No,153,52,5,73574376
1000,조강모,남,31,21,2013,사원,인사,No,153,45,14,57285557
342,하경태,남,34,13,2011,대리,총무,No,138,57,9,100389063
4918,윤가선,여,44,39,2013,주임,기획,No,36,47,8,77846113
2569,박경규,남,40,22,2013,주임,마켓팅,No,98,53,12,77556772
281,조건표,남,34,14,2010,주임,재무,No,176,56,7,88471563
1814,조귀연,여,43,26,2011,사원,개발,No,122,75,9,69804481
